,y_true,y_prob
0,1.0,0.9977714
1,1.0,0.31337965
2,0.0,0.46328712
3,1.0,0.99766254
4,1.0,0.77787477
5,1.0,0.99948126
6,0.0,8.436214e-08
7,1.0,0.459843
8,1.0,0.2719964
9,0.0,2.4348301e-12
10,1.0,0.9942713
11,0.0,0.062425435
12,0.0,2.546559e-13
13,0.0,3.078834e-05
14,1.0,0.9996691
15,1.0,0.7849595
16,1.0,0.9615625
17,1.0,0.0005709578
18,1.0,0.9946556
19,1.0,0.36294127
20,0.0,3.9161714e-05
21,1.0,0.99933535
22,0.0,1.1066914e-09
23,1.0,0.5559576
24,1.0,0.980401
25,1.0,0.6824278
26,0.0,0.023464154
27,1.0,0.95412123
28,0.0,2.1336604e-08
29,1.0,9.008452e-09
30,0.0,0.25947335
31,1.0,0.9999701
32,0.0,3.6197378e-08
33,1.0,0.99544287
34,0.0,3.256476e-10
35,0.0,0.96908253
36,1.0,0.4226078
37,1.0,0.48837692
38,1.0,0.96956
39,1.0,0.2065948
40,1.0,0.27021116
41,1.0,0.0017767483
42,0.0,2.1918196e-09
43,0.0,1.2164883e-06
44,0.0,0.0049600606
45,1.0,4.914123e-05
46,0.0,2.350543e-05
47,1.0,0.9820078
48,1.0,0.9671117
49,1.0,0.8722469
50,1.0,0.7580467
51,0.0,0.011420895
52,1.0,0.9964799
53,0.0,1.367741e-10
54,0.0,7.3774425e-10
55,0.0,0.1002982
56,1.0,0.004620854
57,1.0,0.9931104
58,1.0,0.013604438
59,1.0,0.024891619
60,1.0,0.5851429
61,1.0,0.9993012
62,0.0,2.396965e-10
63,0.0,8.450727e-06
64,0.0,0.0013656229
65,1.0,0.05281246
66,0.0,0.0024459031
67,0.0,0.971703
68,1.0,0.7838188
69,0.0,1.6620726e-09
70,0.0,0.7845326
71,1.0,0.00130821
72,0.0,0.60529006
73,1.0,0.96309304
74,1.0,0.1273491
75,1.0,0.998489
76,1.0,0.96628165
77,0.0,0.05006704
78,0.0,0.07608153
79,0.0,5.9322542e-09
80,1.0,0.9766251
81,0.0,0.09866466
82,1.0,0.9869667
83,0.0,0.014072707
84,1.0,0.8977115
85,0.0,0.013065034
86,0.0,0.019281793
87,1.0,0.9431733
88,1.0,0.99232566
89,1.0,0.83598036
90,1.0,0.23952532
91,1.0,0.39194846
92,1.0,0.9976884
93,0.0,0.00012909596
94,0.0,1.4896848e-09
95,0.0,9.415559e-10
96,1.0,0.81503886
97,0.0,2.6752094e-08
98,1.0,0.99744415
99,0.0,3.6080314e-09
100,1.0,0.99253005
101,0.0,0.35240483
102,1.0,4.2896332e-08
103,0.0,1.8927844e-06
104,0.0,0.27572355
105,1.0,0.86675346
106,1.0,0.98997796
107,0.0,5.0538524e-09
108,0.0,0.00040349714
109,0.0,3.5332858e-05
110,0.0,2.9607958e-05
111,1.0,0.9975992
112,1.0,0.97901607
113,1.0,0.012666304
114,1.0,0.19478513
115,1.0,0.93097335
116,0.0,0.00016494082
117,1.0,0.9967464
118,0.0,5.255213e-07
119,0.0,2.1159822e-08
120,0.0,1.2114226e-07
121,1.0,0.78677136
122,0.0,0.24563816
123,1.0,0.07739962
124,1.0,0.99239564
125,0.0,9.318591e-05
126,0.0,4.3914636e-10
127,0.0,6.334991e-15
128,1.0,0.95258117
129,0.0,0.82503504
130,0.0,4.9839546e-08
131,0.0,0.0008429491
132,0.0,0.9364052
133,0.0,0.0052095703
134,0.0,3.4040168e-05
135,1.0,0.5167022
136,1.0,0.3985692
137,0.0,0.00030607116
138,0.0,1.1111272e-06
139,0.0,2.5780125e-06
140,0.0,0.2846561
141,1.0,0.77800983
142,0.0,0.0010126488
143,1.0,0.7801713
144,0.0,0.95637214
145,1.0,0.9832713
146,0.0,0.00077649567
147,0.0,1.982792e-05
148,0.0,0.0003655304
149,0.0,1.8723979e-08
150,1.0,0.9782305
151,0.0,1.7654881e-07
152,0.0,1.6683178e-08
153,0.0,0.0064110616
154,1.0,0.006314969
155,1.0,0.99820805
156,1.0,6.372629e-05
157,1.0,6.174403e-05
158,0.0,0.0185248
159,0.0,0.00018567665
160,0.0,0.49647203
161,1.0,0.20169608
162,1.0,0.99578214
163,1.0,0.99829537
164,0.0,0.2297123
165,0.0,0.63524354
166,0.0,0.02878061
167,1.0,0.0059803864
168,0.0,0.000827292
169,1.0,0.99552155
170,1.0,0.9997794
171,1.0,0.9999826
172,0.0,0.0007247581
173,0.0,1.3930497e-07
174,0.0,7.690449e-09
175,1.0,0.97450894
176,1.0,0.9840627
177,0.0,0.00018289738
178,1.0,0.9733742
179,1.0,0.99223924
180,1.0,0.0021618642
181,0.0,1.3922205e-05
182,0.0,2.803093e-07
183,1.0,0.9195663
184,1.0,0.01763387
185,0.0,4.170099e-06
186,1.0,0.86693823
187,1.0,0.017303022
188,0.0,0.014205809
189,0.0,0.9392887
190,0.0,4.933417e-05
191,0.0,0.07197223
192,0.0,0.061884854
193,1.0,0.03331203
194,0.0,0.002301428
195,1.0,0.16485564
196,1.0,0.4661298
197,1.0,0.995194
198,1.0,0.9927827
199,1.0,0.99867827
200,1.0,0.79252917
201,0.0,3.0503983e-08
202,1.0,0.9986895
203,1.0,0.1360728
204,1.0,0.9971614
205,0.0,7.864045e-07
206,1.0,0.674328
207,1.0,0.04173669
208,1.0,0.13050583
209,0.0,1.7812288e-05
210,1.0,0.31359452
211,1.0,0.0025144552
212,1.0,0.39748812
213,0.0,0.00012387203
214,0.0,0.00044740795
215,0.0,5.66234e-11
216,0.0,0.027673034
217,1.0,0.99835724
218,0.0,2.5643527e-05
219,0.0,0.9911772
220,0.0,0.07301092
221,0.0,4.6325954e-06
222,0.0,0.0008572842
223,0.0,4.7055762e-11
224,1.0,6.894321e-06
225,1.0,0.4506043
226,1.0,0.9546242
227,1.0,0.9924137
228,1.0,0.99939287
229,0.0,3.6167566e-07
230,1.0,0.97112435
231,0.0,6.4936545e-10
232,0.0,0.0025695919
233,1.0,0.64277357
234,1.0,0.9983619
235,0.0,0.6482808
236,1.0,0.98923993
237,0.0,0.08686633
238,1.0,0.99842864
239,1.0,0.9925672
240,1.0,0.9904345
241,0.0,0.00012728713
242,0.0,1.0205031e-05
243,1.0,0.0045179776
244,0.0,2.4590407e-05
245,0.0,3.2071281e-09
246,1.0,0.9894028
247,0.0,2.3665461e-05
248,1.0,0.11210966
249,0.0,9.049267e-06
250,0.0,0.18226078
251,0.0,0.3790515
252,0.0,0.0006992715
253,0.0,2.9345217e-06
254,1.0,0.22010393
255,0.0,2.8516865e-06
256,0.0,4.171492e-12
257,1.0,0.46238893
258,0.0,4.368696e-06
259,0.0,0.078534216
260,1.0,0.99837685
261,0.0,0.0014473206
262,0.0,0.95140624
263,0.0,5.7060068e-05
264,0.0,0.001986889
265,1.0,0.8871201
266,0.0,3.6435827e-10
267,0.0,0.0017887547
268,1.0,0.090938985
269,0.0,1.1442692e-06
270,0.0,0.0030227252
271,0.0,0.28010538
272,1.0,0.99976856
273,1.0,0.61712617
274,1.0,0.99860555
275,1.0,0.9756436
276,0.0,0.9503759
277,1.0,0.31546712
278,0.0,4.068293e-06
279,0.0,8.1645514e-05
280,1.0,0.85539544
281,0.0,0.0030827776
282,0.0,0.031777468
283,1.0,0.99489814
284,1.0,0.21401122
285,1.0,0.18148065
286,0.0,3.5300218e-06
287,1.0,0.97421426
288,1.0,0.022069925
289,1.0,0.9983211
290,0.0,4.844774e-10
291,0.0,0.005787392
292,0.0,0.98298013
293,1.0,0.78242296
294,1.0,0.99697423
295,0.0,0.20063365
296,0.0,9.904784e-05
297,0.0,0.017526258
298,0.0,6.4569787e-07
299,0.0,0.8094006
300,0.0,1.3321284e-06
301,0.0,5.5370255e-09
302,1.0,0.95801264
303,0.0,5.66647e-10
304,0.0,1.7210432e-06
305,1.0,0.9878306
306,0.0,0.00059065357
307,1.0,0.9943585
308,1.0,0.9973833
309,1.0,0.50570345
310,1.0,0.39013007
311,1.0,0.9991703
312,1.0,0.94942707
313,0.0,0.13902198
314,1.0,0.5811742
315,1.0,0.9934417
316,1.0,0.9961337
317,1.0,5.704283e-10
318,1.0,0.27471668
319,1.0,0.8731617
320,0.0,0.5391411
321,0.0,0.16791025
322,1.0,0.0028935804
323,1.0,0.1507413
324,0.0,0.0065451004
325,0.0,0.02156573
326,1.0,0.9999013
327,1.0,1.0150681e-07
328,1.0,0.72375965
329,1.0,0.9939044
330,1.0,0.986022
331,0.0,4.6982248e-07
332,0.0,0.00023435178
333,1.0,0.99560505
334,0.0,0.30469364
335,1.0,1.3478502e-06
336,1.0,0.28357056
337,0.0,6.6720647e-09
338,0.0,1.618645e-06
339,0.0,0.0011286219
340,1.0,0.00016351754
341,0.0,0.007076975
342,0.0,6.0026166e-09
343,1.0,0.5282683
344,0.0,0.0528519
345,1.0,0.99025273
346,1.0,0.95353955
347,1.0,0.9946641
348,0.0,0.00067826605
349,0.0,0.0012447094
350,1.0,0.8845933
351,1.0,0.21317112
352,0.0,1.682534e-07
353,1.0,0.9999325
354,0.0,0.01706475
355,1.0,0.98236924
356,0.0,0.00028819154
357,0.0,0.00042825783
358,0.0,0.7854843
359,1.0,0.75133747
360,0.0,1.0503481e-08
361,1.0,0.76322144
362,1.0,0.9887291
363,0.0,0.00014091184
364,0.0,0.026442664
365,0.0,1.4714576e-07
366,1.0,0.16480312
367,1.0,0.98990566
368,0.0,1.9813198e-08
369,1.0,0.9966068
370,0.0,0.18605664
371,1.0,0.9779733
372,1.0,0.98196214
373,1.0,0.8241638
374,0.0,0.10147676
375,0.0,3.6984344e-05
376,0.0,2.5281023e-08
377,1.0,0.5661985
378,0.0,0.68163157
379,1.0,3.3561842e-10
380,0.0,0.0055920826
381,0.0,3.8617476e-05
382,0.0,3.6547398e-10
383,1.0,0.9994412
384,1.0,0.98254687
385,0.0,0.007031254
386,1.0,6.661546e-06
387,0.0,0.00011483478
388,1.0,0.82211185
389,1.0,1.7863684e-08
390,1.0,0.89894086
391,0.0,5.439229e-16
392,0.0,9.643183e-06
393,1.0,3.4531144e-08
394,1.0,0.59866196
395,1.0,0.9927577
396,1.0,0.9813048
397,0.0,0.026811812
398,0.0,0.0005531513
399,0.0,0.00013473917
400,0.0,2.0325888e-06
401,1.0,0.9093283
402,1.0,0.45655957
403,1.0,0.004872631
404,0.0,0.8769271
405,0.0,8.7066404e-10
406,1.0,0.9752415
407,1.0,9.537915e-09
408,1.0,0.792095
409,1.0,0.9984585
410,0.0,0.0019914687
411,1.0,0.923791
412,1.0,0.85804933
413,1.0,0.93428546
414,1.0,0.07819485
415,1.0,0.9981553
416,0.0,2.8505161e-05
417,1.0,3.5577305e-08
418,0.0,2.2608904e-07
419,0.0,5.892674e-08
420,0.0,3.5291617e-08
421,0.0,3.1371343e-09
422,1.0,0.78172004
423,0.0,0.0056725945
424,0.0,0.020210005
425,1.0,0.99761355
426,1.0,0.9919801
427,0.0,3.817572e-06
428,1.0,0.17861645
429,0.0,0.0020778805
430,0.0,0.03790371
431,0.0,4.030858e-09
432,0.0,0.64342165
433,1.0,0.27856207
434,1.0,0.94055945
435,0.0,7.2357333e-09
436,0.0,1.4997105e-14
437,0.0,1.9507816e-07
438,0.0,0.024959335
439,1.0,0.9766766
440,0.0,0.015221974
441,1.0,0.99841297
442,1.0,0.9795686
443,1.0,0.89690155
444,1.0,0.9966511
445,0.0,0.0022881243
446,0.0,4.291379e-06
447,1.0,0.9988558
448,0.0,0.22792076
449,0.0,0.009387458
450,0.0,3.617248e-05
451,1.0,0.99890995
452,1.0,0.11874517
453,1.0,0.996846
454,1.0,0.99581486
455,1.0,0.5041182
456,1.0,0.9657578
457,0.0,0.97611654
458,1.0,0.997414
459,0.0,0.735383
460,0.0,0.013802813
461,1.0,0.9931492
462,0.0,0.89800525
463,1.0,0.9994881
464,1.0,0.6693024
465,1.0,0.9960757
466,1.0,0.03987487
467,0.0,5.851296e-07
468,0.0,1.6459879e-07
469,0.0,2.1219522e-07
470,0.0,3.181799e-07
471,1.0,0.99982065
472,1.0,0.9466988
473,0.0,1.9693846e-07
474,1.0,0.33510455
475,0.0,1.431219e-06
476,0.0,2.316579e-08
477,0.0,7.889827e-05
478,0.0,0.0054518753
479,0.0,8.8977146e-08
480,1.0,0.048702657
481,0.0,2.707047e-09
482,0.0,1.083917e-06
483,1.0,1.4413549e-05
484,0.0,0.9881946
485,0.0,1.8457634e-06
486,0.0,0.00021497317
487,1.0,0.98249465
488,0.0,0.18075196
489,1.0,0.98468393
490,0.0,0.64944106
491,0.0,4.6049283e-07
492,1.0,0.7270211
493,1.0,6.499184e-09
494,0.0,1.1714977e-08
495,1.0,4.220713e-08
496,1.0,0.08244904
497,1.0,0.9759193
498,0.0,2.2305562e-09
499,1.0,0.9874127
500,1.0,0.9959282
501,0.0,4.766919e-05
502,1.0,2.1772998e-08
503,0.0,0.9943178
504,0.0,9.530878e-09
505,1.0,0.9953755
506,1.0,0.9946679
507,0.0,5.023595e-06
508,1.0,0.8654559
509,1.0,0.98242813
510,0.0,0.100279205
511,1.0,0.9680596
512,0.0,0.36144388
513,0.0,0.0007633912
514,0.0,0.08688773
515,0.0,4.817816e-06
516,1.0,0.99854493
517,1.0,0.6382235
518,1.0,0.59297407
519,0.0,0.0014990467
520,0.0,0.006239177
521,1.0,0.8821822
522,0.0,0.8856556
523,0.0,0.19354564
524,1.0,0.47611406
525,1.0,0.9482374
526,1.0,0.9960056
527,0.0,4.48187e-05
528,0.0,2.221073e-06
529,0.0,1.7753485e-09
530,0.0,0.0031874385
531,1.0,0.96120256
532,1.0,0.9941907
533,1.0,0.013917887
534,0.0,1.5306058e-10
535,1.0,0.99989545
536,1.0,0.014704732
537,1.0,0.027896736
538,0.0,1.659647e-08
539,1.0,0.059756786
540,1.0,0.04478055
541,0.0,0.4763628
542,0.0,0.9936208
543,0.0,1.4141533e-07
544,1.0,0.86281717
545,1.0,0.9474584
546,1.0,0.57596856
547,1.0,0.013823099
548,1.0,0.9922604
549,0.0,0.0007733385
550,0.0,5.660001e-06
551,1.0,0.59252167
552,0.0,0.04219759
553,0.0,0.13587686
554,0.0,0.01723587
555,1.0,0.9896954
556,1.0,0.6964434
557,0.0,0.027743215
558,1.0,0.84737736
559,1.0,0.05335181
560,0.0,0.20054774
561,1.0,0.8565787
562,1.0,0.28605214
563,0.0,0.4145591
564,0.0,0.055838436
565,0.0,1.5560525e-07
566,0.0,2.339088e-09
567,0.0,1.5764817e-06
568,0.0,7.768228e-05
569,0.0,0.00052920677
570,1.0,0.68893915
571,1.0,0.9270985
572,1.0,0.78256094
573,1.0,0.9998628
574,0.0,3.7531072e-07
575,0.0,2.0267187e-07
576,1.0,0.9965712
577,0.0,0.00026096555
578,1.0,0.9557853
579,1.0,0.95881957
580,0.0,0.6231189
581,0.0,0.22549498
582,1.0,0.43282056
583,1.0,0.39439166
584,0.0,2.8902125e-09
585,0.0,0.007902113
586,1.0,0.9959896
587,0.0,1.2892203e-08
588,1.0,0.19258071
589,0.0,1.4395086e-07
590,1.0,0.79192096
591,0.0,2.6750293e-09
592,0.0,1.1803862e-06
593,1.0,0.042949054
594,1.0,2.2294234e-06
595,0.0,1.0931365e-05
596,1.0,1.021357e-05
597,0.0,0.6964906
598,1.0,0.015992524
599,0.0,6.2405286e-10
600,1.0,0.006752357
601,1.0,0.9961726
602,0.0,0.6228936
603,0.0,6.117839e-05
604,0.0,1.4041818e-07
605,1.0,0.03802745
606,1.0,1.1785257e-06
607,1.0,0.98680615
608,0.0,0.99961996
609,0.0,0.002430084
610,1.0,0.67879754
611,1.0,0.9640239
612,1.0,0.14786159
613,1.0,4.8602804e-05
614,1.0,0.832768
615,1.0,0.001395164
616,1.0,1.6437965e-09
617,1.0,0.9860751
618,1.0,0.98832035
619,0.0,0.056288943
620,1.0,0.99146855
621,1.0,0.7554924
622,0.0,9.3165715e-07
623,1.0,1.2684437e-12
624,1.0,0.99701345
625,1.0,0.58730644
626,0.0,0.2806566
627,0.0,0.18566309
628,1.0,0.8831269
629,1.0,2.4987992e-10
630,1.0,2.446007e-07
631,0.0,1.5361736e-11
632,0.0,0.0017112088
633,0.0,0.002245954
634,0.0,0.81245553
635,1.0,0.9818017
636,1.0,0.9636075
637,1.0,0.9756579
638,0.0,3.2921946e-06
639,1.0,0.99203944
640,1.0,0.9697548
641,1.0,0.9781683
642,1.0,4.4853074e-05
643,0.0,0.0004589888
644,1.0,0.014361175
645,0.0,0.003116811
646,0.0,2.9124267e-06
647,1.0,0.99708897
648,0.0,0.00045429514
649,1.0,0.9910705
650,0.0,0.08346382
651,1.0,0.9982722
652,0.0,0.004659451
653,0.0,0.3678692
654,0.0,1.642527e-06
655,0.0,2.387403e-06
656,0.0,0.0018341718
657,0.0,0.03121482
658,1.0,0.9469228
659,1.0,0.99964404
660,0.0,0.996209
661,0.0,1.9355816e-06
662,1.0,1.2157761e-05
663,1.0,0.82172084
664,1.0,0.8074934
665,0.0,2.0118467e-05
666,1.0,0.98727465
667,1.0,0.035624787
668,0.0,0.40613362
669,0.0,2.5187703e-05
670,0.0,9.2050357e-07
671,1.0,0.9026766
672,0.0,0.7324819
673,0.0,4.350974e-07
674,0.0,0.0004209406
675,1.0,0.81041515
676,1.0,0.9980572
677,1.0,0.67033076
678,1.0,0.99072003
679,1.0,0.009755367
680,1.0,0.14347263
681,0.0,0.4286718
682,1.0,0.12732257
683,1.0,0.00018111286
684,0.0,5.976458e-08
685,0.0,0.89791083
686,0.0,0.045661476
687,0.0,0.01427494
688,0.0,1.1201622e-05
689,1.0,0.8835871
690,0.0,0.00017122655
691,1.0,0.9918995
692,1.0,0.9167562
693,1.0,0.9548955
694,1.0,0.996983
695,1.0,0.9838202
696,0.0,0.96002907
697,1.0,0.9949137
698,0.0,6.335062e-08
699,0.0,9.3856306e-07
700,1.0,0.5396237
701,0.0,9.132063e-08
702,0.0,1.0179584e-06
703,1.0,0.9163111
704,0.0,2.409112e-07
705,1.0,8.979914e-05
706,1.0,0.99535024
707,0.0,2.4350613e-09
708,0.0,1.3003526e-09
709,0.0,0.9122777
710,0.0,0.9468204
711,0.0,6.703178e-07
712,1.0,0.01922559
713,1.0,0.98422134
714,1.0,0.99755543
715,1.0,0.9861362
716,1.0,0.9958688
717,0.0,0.00083642977
718,1.0,0.989037
719,0.0,4.7671444e-17
720,0.0,0.025624579
721,0.0,2.4459844e-06
722,1.0,0.99396765
723,0.0,0.029495182
724,1.0,0.92212003
725,0.0,5.7182643e-08
726,0.0,0.018203817
727,1.0,0.9823136
728,1.0,0.9930456
729,1.0,0.974006
730,0.0,1.1220863e-09
731,1.0,0.99581224
732,0.0,7.388437e-11
733,1.0,0.98228055
734,0.0,4.9062464e-07
735,0.0,0.003832114
736,0.0,0.059466925
737,1.0,0.9924104
738,1.0,0.92267126
739,1.0,0.54729253
740,0.0,0.008473333
741,1.0,0.99627435
742,1.0,0.534674
743,0.0,0.9949345
744,0.0,5.397684e-08
745,1.0,0.82701653
746,1.0,0.105622664
747,0.0,0.0007636743
748,1.0,0.37311304
749,1.0,0.5809878
750,0.0,0.34300166
751,0.0,8.404241e-06
752,1.0,0.90766007
753,0.0,0.006526533
754,1.0,0.24108565
755,1.0,0.9755397
756,0.0,5.788504e-09
757,0.0,6.204584e-08
758,0.0,0.0026267625
759,1.0,0.98642516
760,0.0,1.1466189e-12
761,0.0,2.99591e-07
762,0.0,1.4218094e-08
763,1.0,0.9969007
764,0.0,0.00079229265
765,1.0,0.27152368
766,0.0,0.0014301627
767,1.0,0.9999982
768,1.0,0.99596596
769,1.0,0.9333382
770,1.0,0.92184144
771,0.0,2.5493803e-06
772,0.0,5.945937e-05
773,1.0,3.6437305e-05
774,0.0,0.009404937
775,1.0,0.00018053768
776,1.0,0.9315064
777,0.0,3.6645523e-11
778,0.0,6.684467e-07
779,0.0,0.00077459496
780,1.0,0.86587363
781,0.0,0.16253096
782,1.0,0.00028868514
783,1.0,1.1502825e-06
784,1.0,0.00062690146
785,1.0,0.40317115
786,0.0,1.4652069e-06
787,1.0,0.25878173
788,1.0,0.44058982
789,1.0,0.9946201
790,0.0,3.0217615e-09
791,0.0,6.0787943e-07
792,0.0,4.4572297e-12
793,0.0,0.66329885
794,0.0,0.12576453
795,1.0,0.101058535
796,1.0,0.6682469
797,1.0,0.9807145
798,1.0,0.9486538
799,1.0,0.9737177
800,1.0,0.95990986
801,0.0,0.007279954
802,1.0,0.08252571
803,0.0,4.9139913e-08
804,0.0,0.00026250724
805,1.0,0.9909203
806,1.0,1.1487495e-07
807,0.0,6.7078463e-07
808,1.0,0.003241819
809,1.0,0.7047372
810,0.0,7.956023e-06
811,1.0,0.9955232
812,0.0,0.7191306
813,0.0,4.919853e-07
814,0.0,7.814939e-09
815,0.0,0.5608539
816,1.0,0.874818
817,0.0,8.556785e-06
818,0.0,1.8546585e-07
819,1.0,0.9987388
820,1.0,0.9588112
821,1.0,0.15889636
822,1.0,0.9954739
823,0.0,8.783157e-06
824,0.0,0.14993933
825,1.0,8.0486393e-07
826,1.0,0.99782866
827,1.0,0.30494097
828,0.0,3.0927197e-08
829,0.0,0.046319447
830,1.0,0.9998888
831,1.0,0.892469
832,1.0,0.9178401
833,0.0,1.9771766e-10
834,0.0,3.6199708e-05
835,1.0,0.9938838
836,0.0,2.418029e-07
837,0.0,4.8099435e-05
838,1.0,0.96545017
839,0.0,3.926652e-07
840,0.0,0.00017213229
841,1.0,0.003078952
842,0.0,0.009799521
843,1.0,0.9737812
844,1.0,0.91869605
845,0.0,2.3579483e-07
846,1.0,0.9827975
847,0.0,0.50387174
848,1.0,0.99798137
849,0.0,1.8945264e-05
850,1.0,0.99062645
851,0.0,5.3320908e-09
852,0.0,6.1558226e-06
853,1.0,0.9889531
854,0.0,5.936954e-07
855,0.0,0.99204683
856,0.0,0.040436354
857,0.0,2.43005e-07
858,1.0,0.9653427
859,1.0,0.0005537445
860,1.0,0.0100124655
861,1.0,0.0018894057
862,1.0,0.04481369
863,0.0,0.0008035988
864,1.0,0.9655533
865,0.0,0.00020333602
866,1.0,0.9965521
867,1.0,0.8999925
868,0.0,4.4131018e-10
869,0.0,1.6421364e-08
870,1.0,0.9791117
871,1.0,0.7941385
872,0.0,0.00029355162
873,1.0,0.9910795
874,1.0,0.99497163
875,1.0,0.9918377
876,1.0,0.42553076
877,0.0,0.0044184034
878,0.0,0.08663516
879,0.0,1.904988e-08
880,1.0,0.5882459
881,1.0,0.8889699
882,1.0,0.99976236
883,1.0,0.44529632
884,1.0,0.8657908
885,1.0,0.93450725
886,1.0,0.9812697
887,0.0,6.455452e-08
888,0.0,0.035067372
889,0.0,1.0671263e-09
890,1.0,0.9411198
891,1.0,0.9115886
892,0.0,0.9913316
893,1.0,0.95437264
894,1.0,0.9998807
895,0.0,7.286787e-08
896,0.0,5.2133338e-09
897,1.0,0.9973092
898,1.0,0.9789965
899,0.0,0.0005750015
900,1.0,0.99963295
901,0.0,6.427192e-09
902,0.0,0.0013753937
903,0.0,7.463292e-05
904,1.0,0.36472207
905,1.0,0.9940447
906,1.0,0.9787582
907,0.0,0.028809318
908,1.0,0.8789359
909,1.0,0.99765897
910,1.0,0.9941818
911,1.0,0.053936627
912,0.0,7.054571e-07
913,0.0,5.1341844e-06
914,1.0,0.48175097
915,0.0,0.38506034
916,0.0,0.43105802
917,1.0,0.75356257
918,0.0,3.8270247e-07
919,0.0,0.66135204
920,1.0,0.9851059
921,1.0,0.93951875
922,1.0,0.017226964
923,1.0,0.65534604
924,1.0,0.99904877
925,1.0,0.98969144
926,1.0,0.039212987
927,0.0,5.241785e-11
928,0.0,7.2471767e-06
929,1.0,0.67648655
930,1.0,0.19305456
931,1.0,0.001897779
932,1.0,0.018850584
933,0.0,3.8267792e-08
934,1.0,0.16541813
935,0.0,0.00015066535
936,0.0,4.794968e-09
937,0.0,0.41966137
938,0.0,1.9827299e-08
939,0.0,0.98843807
940,1.0,0.9519361
941,0.0,2.7295457e-07
942,1.0,0.28056353
943,0.0,0.07934988
944,0.0,1.3872658e-06
945,0.0,2.5782712e-05
946,0.0,2.2282386e-05
947,0.0,0.99144894
948,1.0,0.5524423
949,0.0,0.13376096
950,0.0,0.00046912002
951,1.0,0.9850551
952,1.0,1.381893e-06
953,1.0,0.51939386
954,1.0,0.99744344
955,1.0,0.94895697
956,1.0,0.9702523
957,0.0,0.14433524
958,1.0,2.2274412e-08
959,1.0,0.9899781
960,0.0,1.1253967e-07
961,1.0,9.577165e-07
962,1.0,0.011885972
963,1.0,0.9710517
964,1.0,0.17503421
965,1.0,0.9973699
966,1.0,0.7438152
967,1.0,0.9724984
968,0.0,4.83302e-08
969,0.0,4.1247453e-10
970,0.0,2.0050297e-09
971,1.0,0.17039806
972,0.0,0.0052037323
973,1.0,0.9533848
974,1.0,0.05225872
975,0.0,0.0047914824
976,0.0,9.904549e-10
977,0.0,0.00048816882
978,1.0,0.89054215
979,0.0,0.06917127
980,0.0,9.2896795e-07
981,1.0,4.588564e-06
982,0.0,5.562524e-06
983,0.0,0.0014320012
984,1.0,0.046023164
985,0.0,1.25442475e-05
986,1.0,0.07415494
987,1.0,0.99948704
988,1.0,0.9994585
989,0.0,0.9131093
990,1.0,0.03027427
991,1.0,0.17124547
992,1.0,0.0011548058
993,0.0,1.2992302e-05
994,1.0,0.99345124
995,0.0,0.35873175
996,0.0,2.8788287e-07
997,1.0,0.9424827
998,0.0,3.6825094e-07
999,1.0,2.2469947e-06
1000,1.0,0.9947917
1001,0.0,3.8408416e-07
1002,0.0,1.0647809e-05
1003,0.0,0.9870581
1004,0.0,1.4013831e-07
1005,0.0,0.9982687
1006,0.0,1.8912849e-06
1007,0.0,2.08951e-06
1008,0.0,1.0694598e-08
1009,1.0,0.99334985
1010,1.0,0.00045977838
1011,0.0,0.6335997
1012,1.0,0.006397459
1013,1.0,0.17508103
1014,1.0,0.98548394
1015,0.0,0.16844411
1016,0.0,9.392699e-08
1017,0.0,3.4513728e-10
1018,0.0,0.18691869
1019,1.0,0.07153439
1020,0.0,0.00047555732
1021,1.0,0.9969266
1022,1.0,0.08318882
1023,1.0,0.9866506
1024,1.0,0.1733302
1025,1.0,0.9932706
1026,0.0,5.482899e-10
1027,1.0,0.992215
1028,1.0,0.99342453
1029,0.0,7.504355e-08
1030,1.0,0.95372385
1031,1.0,0.99944526
1032,0.0,0.8613203
1033,1.0,0.035416283
1034,0.0,4.814339e-10
1035,0.0,0.000911174
1036,1.0,0.010176466
1037,0.0,0.0049279933
1038,0.0,6.7223965e-07
1039,0.0,2.1708347e-12
1040,1.0,0.95745105
1041,1.0,0.026776308
1042,1.0,8.1777415e-07
1043,0.0,2.7259998e-07
1044,1.0,0.9770772
1045,0.0,0.00016361533
1046,1.0,0.98316634
1047,1.0,0.95017827
1048,0.0,0.0007884913
1049,1.0,0.96573365
1050,0.0,0.00076536014
1051,0.0,0.9625564
1052,1.0,0.45263585
1053,0.0,4.8472003e-07
1054,1.0,0.0007500534
1055,1.0,0.07556035
1056,1.0,0.9997247
1057,0.0,0.00010186628
1058,1.0,0.99741334
1059,1.0,5.3821153e-05
1060,0.0,2.7025447e-08
1061,0.0,5.7296435e-11
1062,0.0,9.788495e-05
1063,1.0,0.06423853
1064,1.0,0.676958
1065,0.0,0.0149261225
1066,0.0,1.4841372e-13
1067,0.0,0.23922245
1068,1.0,0.0030609567
1069,1.0,0.9890364
1070,1.0,0.020541023
1071,0.0,1.2198708e-09
1072,1.0,0.13036785
1073,0.0,0.01261985
1074,0.0,2.276988e-06
1075,1.0,0.98089164
1076,0.0,0.003378134
1077,1.0,0.9169383
1078,1.0,1.0365113e-05
1079,0.0,3.02385e-08
1080,1.0,0.6670208
1081,0.0,2.8734275e-06
1082,0.0,3.990808e-06
1083,1.0,0.00070616324
1084,0.0,7.171739e-05
1085,1.0,0.023644121
1086,1.0,0.99053746
1087,1.0,0.9551289
1088,1.0,0.21004194
1089,1.0,0.9980233
1090,0.0,4.804509e-08
1091,1.0,0.0010746481
1092,0.0,3.1762934e-07
1093,0.0,5.605291e-06
1094,0.0,5.6175846e-09
1095,0.0,5.167857e-05
1096,1.0,3.3704413e-08
1097,0.0,0.0026418187
1098,1.0,0.79662484
1099,1.0,0.98487884
1100,1.0,0.3732834
1101,0.0,1.5376423e-07
1102,0.0,0.07771155
1103,0.0,0.0002777761
1104,1.0,0.9893735
1105,1.0,0.048529074
1106,1.0,0.9817023
1107,1.0,0.99367505
1108,0.0,0.041230064
1109,1.0,0.8744848
1110,1.0,0.9891094
1111,1.0,0.9991823
1112,1.0,0.9668461
1113,0.0,0.87269884
1114,0.0,1.243321e-09
1115,1.0,0.89674515
1116,1.0,0.92782104
1117,0.0,0.001027062
1118,1.0,0.0002956982
1119,1.0,0.45397854
1120,0.0,2.3057128e-08
1121,1.0,0.18647704
1122,1.0,7.480973e-07
1123,1.0,0.9983923
1124,0.0,0.001086735
1125,1.0,0.05797668
1126,0.0,1.5385665e-07
1127,1.0,0.9917488
1128,0.0,5.0130375e-06
1129,0.0,0.033274688
1130,0.0,0.041187767
1131,0.0,8.983927e-10
1132,1.0,0.41399845
1133,1.0,0.9985102
1134,1.0,6.597383e-11
1135,0.0,0.52769315
1136,0.0,2.2495875e-08
1137,1.0,6.228928e-07
1138,0.0,0.007102297
1139,0.0,2.7207449e-08
1140,1.0,1.2968006e-07
1141,0.0,5.7743266e-05
1142,1.0,0.99200106
1143,1.0,0.31376126
1144,0.0,0.0005606162
1145,1.0,0.97170883
1146,0.0,2.1650168e-05
1147,0.0,4.072962e-09
1148,0.0,2.010782e-09
1149,1.0,0.9974197
1150,1.0,0.997154
1151,0.0,2.4142931e-08
1152,1.0,0.62490386
1153,1.0,0.9901271
1154,1.0,0.26724738
1155,1.0,0.2650457
1156,1.0,0.98971725
1157,0.0,4.482188e-10
1158,0.0,7.683571e-17
1159,1.0,0.576817
1160,1.0,0.81510377
1161,0.0,0.002036863
1162,1.0,0.001971024
1163,1.0,0.000772793
1164,1.0,0.9421965
1165,0.0,6.753452e-07
1166,0.0,0.011849073
1167,1.0,0.0074709537
1168,0.0,0.04530836
1169,1.0,0.7059448
1170,0.0,0.89411247
1171,0.0,0.9304074
1172,0.0,0.99172676
1173,0.0,1.1075734e-06
1174,0.0,0.0058287513
1175,0.0,0.261616
1176,0.0,4.912482e-08
1177,1.0,0.99945396
1178,0.0,0.020681635
1179,1.0,0.25745845
1180,1.0,0.9796622
1181,0.0,1.752546e-07
1182,1.0,0.99810106
1183,1.0,0.283337
1184,0.0,0.00044898663
1185,1.0,0.69732374
1186,0.0,0.017293919
1187,0.0,2.418596e-05
1188,1.0,2.7799263e-08
1189,1.0,4.921345e-05
1190,1.0,0.99505556
1191,0.0,0.0690263
1192,0.0,2.930183e-09
1193,1.0,1.9092195e-05
1194,1.0,0.6425048
1195,0.0,0.99731195
1196,1.0,0.99327964
1197,1.0,0.99177074
1198,0.0,5.537926e-07
1199,0.0,0.00030681616
1200,0.0,0.001983084
1201,0.0,1.60781e-05
1202,1.0,0.05046172
1203,1.0,0.837846
1204,0.0,0.9789748
1205,1.0,0.9963038
1206,0.0,0.070904434
1207,0.0,0.00028521894
1208,1.0,0.9999975
1209,0.0,2.748539e-09
1210,1.0,0.98982507
1211,1.0,0.8288378
1212,0.0,0.9141569
1213,0.0,1.0974703e-05
1214,1.0,0.99431205
1215,1.0,0.99513453
1216,0.0,3.654033e-07
1217,0.0,3.0153038e-07
1218,0.0,4.904862e-07
1219,0.0,1.3364661e-05
1220,0.0,0.002784373
1221,0.0,0.013393921
1222,1.0,0.92397916
1223,0.0,9.422589e-09
1224,1.0,0.1758134
1225,1.0,0.9318763
1226,1.0,0.044677053
1227,1.0,0.953752
1228,1.0,0.8978779
1229,0.0,4.661085e-07
1230,1.0,0.12634599
1231,1.0,0.98920596
1232,1.0,0.053245123
1233,1.0,0.0046788747
1234,0.0,0.02675747
1235,0.0,0.56171435
1236,1.0,0.003836086
1237,1.0,0.99965656
1238,1.0,0.00225954
1239,1.0,0.9139317
1240,1.0,0.8591419
1241,1.0,0.9802813
1242,1.0,0.83646464
1243,1.0,0.00071418827
1244,0.0,7.722259e-07
1245,0.0,3.4298855e-11
1246,1.0,0.9811001
1247,1.0,0.7627312
1248,0.0,0.9478887
1249,0.0,9.624147e-10
1250,1.0,0.95268387
1251,0.0,0.017378189
1252,0.0,8.560576e-07
1253,0.0,0.0065186657
1254,0.0,0.0038916531
1255,1.0,0.85974145
1256,1.0,0.9998872
1257,1.0,0.082064666
1258,0.0,2.2716654e-06
1259,0.0,9.724117e-06
1260,1.0,0.9192702
1261,0.0,0.9717989
1262,1.0,0.99700505
1263,1.0,0.98449177
1264,1.0,0.9989121
1265,0.0,0.0049347742
1266,1.0,0.9966389
1267,1.0,0.7737948
1268,0.0,0.9898678
1269,0.0,0.00016355731
1270,0.0,0.00028844413
1271,1.0,0.6701338
1272,0.0,1.2447417e-10
1273,0.0,0.0037986578
1274,1.0,0.84496075
1275,0.0,1.1883765e-08
1276,0.0,2.9431982e-05
1277,1.0,0.8538275
1278,0.0,3.038593e-08
1279,0.0,1.3380894e-07
1280,0.0,0.44931257
1281,0.0,4.4969485e-05
1282,0.0,1.4533317e-09
1283,1.0,0.9965585
1284,1.0,0.8139266
1285,0.0,0.99386966
1286,0.0,0.00063656236
1287,0.0,2.2031454e-12
1288,1.0,0.98580444
1289,0.0,0.00015023326
1290,0.0,1.6163158e-06
1291,1.0,0.06849962
1292,0.0,1.1033886e-09
1293,1.0,0.94472337
1294,0.0,5.9061858e-09
1295,1.0,0.9980446
1296,0.0,0.7644914
1297,0.0,0.37259477
1298,1.0,0.8520668
1299,0.0,0.00071617746
1300,1.0,0.9920976
1301,0.0,5.4062308e-05
1302,0.0,0.00050901895
1303,1.0,0.00023455654
1304,1.0,0.039008114
1305,0.0,0.042483617
1306,1.0,0.82580644
1307,0.0,9.996112e-12
1308,0.0,5.721794e-10
1309,0.0,1.5730117e-10
1310,0.0,2.1666395e-09
1311,1.0,0.99965763
1312,0.0,0.7980453
1313,1.0,0.98355097
1314,1.0,0.6209558
1315,1.0,0.9970003
1316,0.0,1.174843e-08
1317,0.0,3.0619695e-08
1318,0.0,0.1488801
1319,1.0,0.6627802
1320,0.0,2.1613415e-07
1321,0.0,1.5688276e-08
1322,0.0,1.880065e-10
1323,1.0,0.847823
1324,0.0,0.002252804
1325,0.0,0.021686824
1326,1.0,0.9830571
1327,0.0,7.6243055e-08
1328,0.0,0.00022164155
1329,1.0,0.3737964
1330,0.0,6.8027025e-06
1331,0.0,5.4340646e-05
1332,0.0,0.111240916
1333,1.0,7.2964045e-05
1334,1.0,0.06168676
1335,1.0,0.99531186
1336,1.0,0.9997011
1337,0.0,0.38242108
1338,0.0,0.06240778
1339,0.0,0.0003566665
1340,0.0,1.2649103e-10
1341,0.0,0.6482135
1342,1.0,0.008203196
1343,1.0,0.028216869
1344,0.0,0.00040842898
1345,0.0,0.17145659
1346,1.0,0.3107813
1347,0.0,0.018194504
1348,0.0,0.012281168
1349,0.0,6.234754e-05
1350,1.0,0.0004961409
1351,1.0,0.890176
1352,0.0,8.612721e-11
1353,1.0,0.99893206
1354,0.0,0.009742971
1355,1.0,0.9864688
1356,1.0,0.96138644
1357,1.0,0.99374723
1358,0.0,3.0224342e-05
1359,1.0,0.76824343
1360,0.0,0.57482606
1361,1.0,0.5890702
1362,1.0,1.0571883e-05
1363,1.0,0.9923333
1364,0.0,0.88427544
1365,0.0,1.0066057e-06
1366,0.0,0.0012435551
1367,0.0,0.975544
1368,0.0,1.8909464e-11
1369,0.0,0.99992776
1370,1.0,0.78508204
1371,0.0,1.0624535e-06
1372,0.0,1.1364093e-09
1373,0.0,1.4103774e-05
1374,1.0,0.45044193
1375,1.0,0.88118833
1376,1.0,0.9987459
1377,0.0,6.4075034e-06
1378,1.0,0.99535465
1379,0.0,0.9611063
1380,0.0,0.0017765395
1381,1.0,0.9755881
1382,1.0,0.2739488
1383,0.0,0.0005785942
1384,0.0,3.881109e-07
1385,0.0,0.0772924
1386,1.0,0.93100226
1387,1.0,0.98970383
1388,1.0,0.97179484
1389,1.0,0.0016091083
1390,1.0,0.88619226
1391,0.0,2.874551e-08
1392,1.0,0.93168485
1393,1.0,0.99522746
1394,0.0,2.0912837e-05
1395,1.0,0.98125285
1396,0.0,0.89929485
1397,0.0,1.3422599e-05
1398,1.0,0.09181999
1399,1.0,0.44725838
1400,0.0,0.21030726
1401,1.0,0.78668445
1402,1.0,0.361991
1403,1.0,0.9790714
1404,1.0,0.9994777
1405,1.0,0.9975145
1406,0.0,3.3438745e-08
1407,1.0,0.012770425
1408,1.0,0.95178646
1409,0.0,0.9917937
1410,1.0,0.8798384
1411,0.0,0.62840724
1412,0.0,9.5949034e-08
1413,0.0,0.0024823474
1414,1.0,0.78030026
1415,1.0,0.13026422
1416,0.0,0.85423917
1417,0.0,6.600138e-06
1418,0.0,0.015301885
1419,1.0,0.6725477
1420,1.0,0.8877522
1421,0.0,0.0011364991
1422,0.0,0.9987348
1423,0.0,8.3877765e-08
1424,0.0,5.0823605e-06
1425,0.0,0.074865036
1426,0.0,2.500302e-05
1427,1.0,0.9777925
1428,0.0,0.29389155
1429,0.0,2.1264091e-07
1430,0.0,0.29451263
1431,0.0,2.0385504e-10
1432,0.0,0.89773846
1433,1.0,0.9995455
1434,1.0,0.71801466
1435,1.0,0.37160894
1436,1.0,0.9449293
1437,0.0,0.19436452
1438,1.0,0.99056023
1439,1.0,0.9920162
1440,0.0,0.020995613
1441,0.0,2.3185314e-09
1442,0.0,3.9673513e-09
1443,1.0,0.61375093
1444,0.0,8.756702e-05
1445,1.0,0.055684306
1446,1.0,0.78592455
1447,1.0,0.9065393
1448,1.0,0.16457516
1449,0.0,4.4441782e-05
1450,0.0,0.02642679
1451,0.0,0.0007349979
1452,0.0,4.7694928e-05
1453,1.0,4.649829e-05
1454,0.0,0.0093773
1455,0.0,1.9560594e-07
1456,0.0,0.54247296
1457,1.0,0.9836129
1458,1.0,0.69624364
1459,1.0,0.93966115
1460,1.0,0.9795727
1461,0.0,0.039014366
1462,1.0,0.028536662
1463,0.0,4.768176e-07
1464,1.0,0.0013014191
1465,0.0,0.69783366
1466,0.0,2.0571525e-08
1467,0.0,1.8553946e-07
1468,0.0,2.1608232e-06
1469,1.0,0.98017085
1470,0.0,0.021625996
1471,0.0,0.5212871
1472,0.0,0.49417856
1473,1.0,0.9831193
1474,0.0,4.1075832e-10
1475,1.0,0.99818486
1476,1.0,0.97193956
1477,0.0,0.001216465
1478,0.0,0.0152758835
1479,1.0,0.046301574
1480,0.0,4.3796713e-09
1481,0.0,0.008331443
1482,1.0,0.377088
1483,1.0,0.0009178219
1484,0.0,0.0022025106
1485,1.0,0.9628179
1486,1.0,0.8412704
1487,0.0,0.0014926979
1488,0.0,3.7639905e-11
1489,1.0,0.998747
1490,0.0,0.08951002
1491,0.0,0.9717168
1492,1.0,0.9985222
1493,0.0,0.060574986
1494,0.0,0.006947278
1495,0.0,0.029563364
1496,0.0,6.132486e-08
1497,1.0,0.9084764
1498,1.0,0.4635766
1499,0.0,5.129613e-06
1500,1.0,0.98840135
1501,0.0,3.4997332e-09
1502,0.0,0.0011022335
1503,0.0,5.1809698e-06
1504,0.0,5.856137e-08
1505,1.0,4.5862773e-05
1506,0.0,0.5792057
1507,0.0,2.7904669e-05
1508,0.0,0.47955137
1509,0.0,0.007997462
1510,0.0,0.115872994
1511,0.0,4.492195e-05
1512,1.0,0.9076966
1513,1.0,0.9859283
1514,1.0,2.9411592e-06
1515,0.0,7.126152e-07
1516,1.0,0.99319106
1517,0.0,5.958022e-11
1518,0.0,2.7825945e-12
1519,0.0,2.2557217e-07
1520,0.0,1.3314789e-07
1521,0.0,0.00097148586
1522,1.0,3.834171e-09
1523,1.0,0.92050236
1524,1.0,0.2704274
1525,1.0,0.006544629
1526,1.0,0.6304399
1527,0.0,1.5273061e-08
1528,1.0,0.0010898982
1529,1.0,0.99116397
1530,1.0,0.9942492
1531,0.0,0.024238978
1532,1.0,0.9826522
1533,0.0,1.1484248e-08
1534,1.0,0.16186796
1535,1.0,0.9906358
1536,1.0,0.9930421
1537,0.0,6.563748e-07
1538,0.0,1.51730155e-05
1539,0.0,2.94364e-07
1540,0.0,3.078975e-09
1541,0.0,0.0002093187
1542,1.0,0.0104193315
1543,0.0,0.0045528277
1544,0.0,6.7699157e-06
1545,1.0,0.99036974
1546,1.0,0.54192704
1547,1.0,0.9367086
1548,1.0,0.965036
1549,0.0,0.99120176
1550,0.0,0.00016667343
1551,1.0,0.9999292
1552,0.0,0.0016520299
1553,0.0,0.70105636
1554,0.0,7.2969464e-10
1555,0.0,5.5820212e-05
1556,0.0,7.4913274e-05
1557,0.0,0.002137411
1558,1.0,0.68642485
1559,1.0,3.1903692e-06
1560,0.0,0.3981686
1561,0.0,0.0064339316
1562,1.0,0.9999447
1563,1.0,0.9985476
1564,1.0,0.004047051
1565,0.0,0.98572737
1566,1.0,0.9998621
1567,1.0,0.99091095
1568,1.0,0.005342453
1569,0.0,8.890742e-08
1570,1.0,3.3065565e-08
1571,1.0,0.8107461
1572,0.0,4.1178908e-10
1573,1.0,0.9989672
1574,1.0,0.9264391
1575,1.0,0.30820984
1576,1.0,0.97113615
1577,0.0,3.2735553e-08
1578,0.0,0.02266387
1579,0.0,0.0009036999
1580,1.0,0.98744196
1581,0.0,0.97631615
1582,1.0,0.9083465
1583,0.0,3.000198e-06
1584,0.0,0.0077123498
1585,0.0,6.391352e-08
1586,0.0,3.903594e-09
1587,0.0,7.0212773e-09
1588,1.0,0.006286184
1589,1.0,0.9329684
1590,0.0,0.15293153
1591,0.0,0.0035702903
1592,1.0,0.7181097
1593,1.0,0.5620678
1594,1.0,0.49563298
1595,1.0,0.21311043
1596,1.0,0.4323367
1597,1.0,0.9999516
1598,0.0,5.1208404e-10
1599,0.0,4.156207e-06
1600,0.0,0.44371966
1601,1.0,0.94547087
1602,1.0,0.011360016
1603,0.0,0.021848246
1604,0.0,0.01895926
1605,0.0,9.307232e-10
1606,0.0,1.1666142e-06
1607,1.0,0.98274696
1608,0.0,0.12785478
1609,0.0,1.7829983e-05
1610,1.0,0.97871256
1611,1.0,0.053865694
1612,1.0,0.99557257
1613,0.0,6.3219824e-10
1614,0.0,0.062925845
1615,1.0,0.3141766
1616,1.0,1.6776933e-06
1617,1.0,0.9992085
1618,0.0,0.04974477
1619,0.0,0.2683038
1620,0.0,0.18762042
1621,1.0,1.8663526e-06
1622,0.0,3.7775752e-07
1623,1.0,0.43964916
1624,1.0,0.058654487
1625,0.0,0.99377245
1626,0.0,0.032215927
1627,0.0,0.019983854
1628,0.0,8.044762e-09
1629,0.0,0.06754774
1630,1.0,0.38888016
1631,1.0,0.023374597
1632,0.0,0.5971579
1633,1.0,0.99280626
1634,0.0,1.0651029e-09
1635,0.0,6.391147e-11
1636,1.0,0.99864
1637,0.0,0.03565482
1638,1.0,0.9946201
1639,0.0,0.011901791
1640,1.0,0.9988024
1641,1.0,0.00027405645
1642,0.0,4.785688e-07
1643,0.0,2.0061603e-05
1644,0.0,1.99552e-07
1645,0.0,1.6892868e-07
1646,0.0,4.3857003e-08
1647,0.0,1.6336865e-07
1648,1.0,0.99127674
1649,1.0,0.96031326
1650,0.0,2.4972968e-07
1651,0.0,0.993174
1652,0.0,2.9988257e-07
1653,1.0,0.9786391
1654,1.0,0.99920976
1655,1.0,0.48781028
1656,0.0,0.0042995
1657,1.0,0.99529535
1658,1.0,0.78667307
1659,1.0,0.0010116035
1660,0.0,0.009284578
1661,0.0,0.87391454
1662,1.0,0.0022269513
1663,0.0,1.8206496e-08
1664,0.0,0.66971165
1665,1.0,0.9669552
1666,1.0,0.9953649
1667,1.0,0.9413015
1668,1.0,0.99952257
1669,0.0,0.12529656
1670,1.0,0.9840464
1671,1.0,0.7415207
1672,0.0,6.794892e-05
1673,0.0,0.013756106
1674,0.0,0.0003553402
1675,0.0,2.8951685e-08
1676,0.0,1.2282136e-07
1677,0.0,0.68684304
1678,0.0,8.918553e-06
1679,0.0,3.7591654e-09
1680,1.0,0.98014843
1681,0.0,7.517944e-10
1682,1.0,0.5197715
1683,0.0,2.5206762e-07
1684,0.0,7.14015e-09
1685,1.0,0.94095796
1686,0.0,5.8890335e-05
1687,0.0,0.112189665
1688,0.0,0.00059291674
1689,0.0,0.0006372425
1690,1.0,0.00020722667
1691,1.0,0.5754812
1692,0.0,0.015175261
1693,0.0,0.96596766
1694,0.0,0.0055254246
1695,0.0,1.0931608e-07
1696,0.0,0.46275297
1697,0.0,0.3602296
1698,1.0,0.00041130328
1699,0.0,0.0024926208
1700,0.0,0.9761096
1701,0.0,7.1808626e-09
1702,0.0,4.3372252e-09
1703,1.0,0.98529774
1704,1.0,0.987997
1705,1.0,0.71302646
1706,0.0,0.4370148
1707,0.0,1.7457069e-11
1708,1.0,0.13637967
1709,0.0,0.075251326
1710,1.0,0.98959047
1711,0.0,0.030126316
1712,0.0,0.3432962
1713,1.0,0.9902636
1714,1.0,2.7895996e-05
1715,0.0,0.20973974
1716,0.0,2.8364613e-05
1717,0.0,1.557824e-09
1718,0.0,0.0021941576
1719,0.0,1.4580024e-08
1720,0.0,0.54906404
1721,0.0,0.97171414
1722,1.0,0.4641704
1723,1.0,0.94786435
1724,1.0,0.47847852
1725,0.0,0.05639418
1726,0.0,0.30061257
1727,1.0,0.99799013
1728,1.0,0.75823075
1729,0.0,0.0053453646
1730,0.0,0.9948356
1731,0.0,3.8409744e-05
1732,0.0,4.6263085e-06
1733,0.0,1.883108e-05
1734,1.0,3.1781543e-05
1735,0.0,0.00024744158
1736,1.0,0.98713404
1737,1.0,0.9995221
1738,0.0,1.8358065e-07
1739,1.0,0.021002524
1740,1.0,0.99597543
1741,0.0,0.041226048
1742,1.0,0.001856489
1743,0.0,4.819718e-12
1744,1.0,0.012234503
1745,1.0,0.83612317
1746,1.0,0.9793448
1747,0.0,1.2127163e-09
1748,1.0,0.9979322
1749,1.0,0.741723
1750,1.0,0.56253386
1751,1.0,0.9997824
1752,1.0,0.9991315
1753,0.0,1.0797412e-07
1754,1.0,0.7700861
1755,1.0,2.5838192e-05
1756,0.0,2.1777177e-07
1757,0.0,1.2041673e-09
1758,1.0,0.95768726
1759,0.0,0.0036452177
1760,1.0,0.98764706
1761,1.0,0.99929416
1762,1.0,0.9911867
1763,1.0,0.035981737
1764,0.0,1.0206272e-09
1765,0.0,0.9289317
1766,1.0,0.36313638
1767,0.0,0.33553556
1768,1.0,0.08741387
1769,0.0,0.78661317
1770,1.0,0.9794825
1771,1.0,0.9652183
1772,1.0,0.9598375
1773,0.0,0.2133419
1774,1.0,0.20933829
1775,1.0,0.7443074
1776,1.0,0.9964682
1777,1.0,0.47920862
1778,0.0,3.7109848e-07
1779,0.0,0.00049831165
1780,0.0,3.7710279e-06
1781,0.0,2.2521049e-06
1782,1.0,0.99776626
1783,0.0,6.3553302e-06
1784,1.0,2.0751551e-07
1785,1.0,0.99737203
1786,1.0,0.99940205
1787,1.0,0.8795366
1788,1.0,0.98524666
1789,1.0,0.9519639
1790,0.0,0.58591866
1791,0.0,0.3612687
1792,0.0,2.3176439e-08
1793,0.0,7.403936e-07
1794,0.0,2.0656746e-10
1795,0.0,6.051014e-07
1796,0.0,1.9964168e-09
1797,1.0,0.5623349
1798,1.0,0.80348134
1799,0.0,4.3305073e-07
1800,1.0,0.95664775
1801,0.0,0.99758136
1802,1.0,0.9470765
1803,0.0,1.2977285e-13
1804,1.0,0.2739816
1805,0.0,0.008089226
1806,1.0,0.6409857
1807,0.0,0.008633576
1808,0.0,1.7025268e-05
1809,0.0,6.9115686e-08
1810,0.0,0.00018275653
1811,1.0,0.9828036
1812,1.0,0.9982285
1813,0.0,3.3129843e-11
1814,0.0,3.1849893e-08
1815,1.0,0.94132763
1816,0.0,7.730275e-07
1817,1.0,0.9980714
1818,1.0,0.6495745
1819,0.0,8.0481055e-05
1820,1.0,0.113771856
1821,1.0,0.99890697
1822,0.0,0.0011144622
1823,0.0,0.95153946
1824,0.0,0.7735439
1825,1.0,0.08627716
1826,1.0,0.8677474
1827,1.0,0.99594057
1828,1.0,0.10363482
1829,0.0,0.71409196
1830,1.0,0.9805747
1831,1.0,0.04346559
1832,1.0,0.9861734
1833,0.0,1.1337702e-09
1834,0.0,1.6814433e-09
1835,1.0,0.9725428
1836,0.0,0.009359298
1837,1.0,0.99296063
1838,1.0,0.00021168483
1839,0.0,6.9869134e-07
1840,1.0,0.99900144
1841,1.0,0.91211194
1842,1.0,0.00029586515
1843,1.0,0.9790147
1844,0.0,0.00026528872
1845,0.0,1.7029365e-08
1846,1.0,0.0002167502
1847,1.0,0.0046404516
1848,1.0,0.9276699
1849,0.0,0.0010134
1850,0.0,0.0010078158
1851,1.0,0.94318575
1852,0.0,0.5935488
1853,1.0,0.014702473
1854,1.0,0.99960846
1855,0.0,0.0010939264
1856,1.0,0.011758195
1857,1.0,0.639987
1858,0.0,2.6704103e-07
1859,1.0,0.99734527
1860,1.0,0.6537032
1861,1.0,0.5779407
1862,0.0,0.2718437
1863,0.0,4.3831437e-06
1864,1.0,0.9007487
1865,1.0,0.94140196
1866,0.0,7.779545e-07
1867,0.0,1.2557953e-07
1868,1.0,0.992332
1869,0.0,0.00012299434
1870,0.0,8.936099e-06
1871,0.0,0.6320837
1872,0.0,0.0015251834
1873,1.0,0.87032795
1874,0.0,0.4956143
1875,0.0,6.4160703e-09
1876,1.0,0.9466486
1877,0.0,1.6698702e-06
1878,0.0,0.013541611
1879,0.0,1.13749465e-07
1880,0.0,8.718847e-08
1881,0.0,1.7948772e-05
1882,1.0,8.650507e-07
1883,1.0,0.95714015
1884,1.0,0.9990996
1885,1.0,0.51815844
1886,1.0,0.5479834
1887,1.0,6.9210796e-07
1888,0.0,0.96166307
1889,0.0,6.448696e-08
1890,1.0,0.9926616
1891,0.0,4.106546e-07
1892,1.0,0.58560675
1893,1.0,0.9718651
1894,0.0,0.9940181
1895,1.0,0.99943143
1896,0.0,7.487504e-14
1897,1.0,0.9998864
1898,0.0,1.5774155e-11
1899,0.0,3.8023693e-08
1900,1.0,0.0047769924
1901,1.0,0.98683727
1902,0.0,1.0139932e-09
1903,0.0,4.1354633e-07
1904,1.0,0.9605037
1905,1.0,0.9968823
1906,0.0,0.0032085
1907,0.0,3.5242738e-05
1908,1.0,0.99291384
1909,1.0,0.9657819
1910,0.0,1.9397157e-07
1911,1.0,0.0027512908
1912,0.0,0.0026467054
1913,1.0,0.9857227
1914,0.0,0.3431003
1915,1.0,0.9993783
1916,1.0,0.00908484
1917,1.0,0.00014173426
1918,0.0,0.00013816092
1919,1.0,0.9821831
1920,1.0,0.050505914
1921,0.0,0.006196939
1922,1.0,0.9932354
1923,1.0,0.25901043
1924,0.0,3.3024933e-06
1925,0.0,0.11052472
1926,0.0,0.00012866645
1927,1.0,2.1686806e-06
1928,0.0,7.1026296e-10
1929,0.0,1.5215955e-08
1930,0.0,1.2171752e-05
1931,1.0,0.3546821
1932,0.0,0.0023889292
1933,1.0,0.95498365
1934,1.0,0.99058574
1935,0.0,0.00062651624
1936,0.0,1.503187e-14
1937,0.0,0.011053188
1938,0.0,6.859835e-05
1939,1.0,0.033573397
1940,0.0,0.98010135
1941,1.0,0.9991725
1942,1.0,0.9574872
1943,0.0,9.984941e-09
1944,1.0,0.9769832
1945,0.0,0.8329453
1946,1.0,0.2889219
1947,1.0,0.6185261
1948,0.0,0.00021253242
1949,1.0,0.9334659
1950,0.0,2.2734641e-06
1951,0.0,0.13109106
1952,0.0,0.9207438
1953,0.0,0.13203561
1954,1.0,0.8419844
1955,1.0,0.9913167
1956,0.0,8.45482e-08
1957,1.0,0.54159325
1958,1.0,0.036056902
1959,1.0,0.997983
1960,0.0,0.0050607207
1961,1.0,0.60401887
1962,0.0,0.05303348
1963,0.0,0.00019713183
1964,1.0,0.9958715
1965,1.0,0.3601389
1966,0.0,2.3643635e-07
1967,0.0,1.5664982e-08
1968,0.0,0.4562289
1969,1.0,0.9122311
1970,1.0,4.42499e-08
1971,0.0,1.6338541e-08
1972,1.0,0.67025137
1973,1.0,0.94141096
1974,0.0,5.7523255e-05
1975,1.0,0.99472165
1976,1.0,0.9730108
1977,0.0,7.110363e-08
1978,1.0,0.9900709
1979,1.0,0.0009947375
1980,0.0,7.849194e-07
1981,1.0,0.9965934
1982,0.0,0.0008616007
1983,1.0,0.99140173
1984,0.0,0.053274445
1985,1.0,0.9894441
1986,0.0,1.1619325e-05
1987,1.0,0.17147194
1988,0.0,0.00013531045
1989,1.0,0.9422445
1990,0.0,5.9278773e-05
1991,1.0,0.9118311
1992,0.0,0.0031435518
1993,0.0,6.870207e-08
1994,1.0,0.0011260858
1995,0.0,0.99685436
1996,0.0,3.955498e-08
1997,0.0,7.888141e-07
1998,1.0,0.8084053
1999,0.0,3.416653e-07
2000,0.0,3.6082567e-10
2001,1.0,0.99617624
2002,0.0,0.9979184
2003,1.0,0.99467367
2004,0.0,3.9594137e-09
2005,1.0,0.20746583
2006,0.0,0.0001282797
2007,1.0,0.0023232566
2008,1.0,0.7011826
2009,0.0,0.006128913
2010,1.0,0.91629153
2011,1.0,0.6842242
2012,0.0,1.0310762e-08
2013,1.0,0.12939863
2014,1.0,0.1052302
2015,1.0,0.97791415
2016,0.0,0.46265888
2017,0.0,2.0640696e-06
2018,1.0,0.99481153
2019,1.0,0.011376855
2020,1.0,0.18752795
2021,0.0,0.0038833586
2022,0.0,3.9897805e-06
2023,0.0,0.20230563
2024,0.0,0.42433515
2025,1.0,0.07087182
2026,0.0,3.722442e-09
2027,0.0,3.8276594e-06
2028,1.0,0.17418344
2029,0.0,0.14970094
2030,1.0,0.98273546
2031,1.0,0.00028902167
2032,0.0,8.1305407e-10
2033,0.0,0.010712066
2034,0.0,0.5656596
2035,0.0,0.020993764
2036,1.0,0.9918786
2037,1.0,0.00044582953
2038,0.0,3.5593897e-10
2039,1.0,0.00040885556
2040,0.0,0.4113523
2041,1.0,0.06992469
2042,1.0,0.23028803
2043,1.0,0.6770402
2044,1.0,0.99356717
2045,0.0,0.20869552
2046,1.0,0.9689501
2047,1.0,0.9946373
2048,1.0,0.0013405394
2049,1.0,0.997654
2050,0.0,0.0008092869
2051,1.0,0.9998958
2052,1.0,0.96070313
2053,1.0,0.9102848
2054,1.0,0.9664511
2055,0.0,6.7969495e-07
2056,0.0,2.3698567e-06
2057,1.0,0.17852163
2058,0.0,0.00010846723
2059,0.0,1.44358285e-08
2060,0.0,6.918187e-09
2061,1.0,0.9012092
2062,1.0,0.014067012
2063,0.0,0.09680222
2064,0.0,0.00069920585
2065,0.0,0.109980114
2066,1.0,0.25831187
2067,1.0,0.99629754
2068,0.0,1.7948663e-11
2069,1.0,0.9987186
2070,0.0,4.6120795e-06
2071,0.0,0.0019415914
2072,0.0,2.091638e-07
2073,1.0,0.21343316
2074,0.0,5.0000566e-05
2075,0.0,0.001470063
2076,0.0,0.25056
2077,0.0,0.014834254
2078,0.0,1.7123179e-05
2079,0.0,0.0017621858
2080,1.0,0.85075635
2081,1.0,0.00060852815
2082,1.0,0.39679244
2083,1.0,0.99349505
2084,0.0,6.260742e-07
2085,1.0,0.9994062
2086,0.0,0.47428125
2087,0.0,2.9697729e-08
2088,0.0,0.9735569
2089,0.0,6.7979877e-06
2090,0.0,0.32159248
2091,0.0,8.510083e-09
2092,0.0,0.25401527
2093,0.0,0.0044883164
2094,1.0,0.60342807
2095,1.0,3.9345137e-05
2096,0.0,7.8067166e-07
2097,0.0,0.9917951
2098,1.0,0.13856658
2099,0.0,0.7628544
2100,0.0,1.1744585e-06
2101,1.0,0.9132698
2102,0.0,4.3402872e-09
2103,0.0,0.0038072239
2104,1.0,0.9984609
2105,1.0,0.99258727
2106,0.0,8.5575317e-07
2107,0.0,0.0043148026
2108,0.0,0.00091735454
2109,0.0,1.0179172e-09
2110,0.0,2.6346635e-05
2111,0.0,0.21939203
2112,0.0,2.2887079e-08
2113,0.0,0.036193416
2114,0.0,0.6235537
2115,0.0,5.716416e-10
2116,1.0,0.27073392
2117,1.0,0.9889552
2118,0.0,9.414263e-07
2119,1.0,0.9939346
2120,1.0,0.28506324
2121,0.0,9.2452586e-07
2122,0.0,0.98617756
2123,1.0,0.25999153
2124,0.0,0.26118448
2125,1.0,0.102792904
2126,0.0,4.3087945e-05
2127,1.0,0.0137048345
2128,1.0,0.8928143
2129,0.0,0.35917494
2130,1.0,0.9851312
2131,0.0,0.0016194971
2132,0.0,0.9592675
2133,1.0,0.36713096
2134,1.0,0.9985459
2135,1.0,0.9956691
2136,0.0,8.217161e-10
2137,1.0,0.030312428
2138,1.0,0.01858829
2139,1.0,0.71425575
2140,0.0,2.0083893e-10
2141,1.0,0.99921167
2142,0.0,0.000113560614
2143,1.0,0.9997632
2144,1.0,4.579581e-09
2145,1.0,0.98855454
2146,1.0,0.99794656
2147,1.0,0.67905295
2148,1.0,0.06875636
2149,0.0,0.92890096
2150,0.0,0.009491548
2151,0.0,0.037007343
2152,1.0,0.90214646
2153,1.0,0.9670866
2154,1.0,0.88980603
2155,0.0,0.09944799
2156,0.0,0.010376751
2157,1.0,0.999079
2158,0.0,0.27551055
2159,0.0,1.0892704e-08
2160,0.0,0.89518446
2161,1.0,0.9634969
2162,1.0,0.96737957
2163,1.0,0.9975406
2164,0.0,3.2391577e-05
2165,0.0,4.6686406e-09
2166,1.0,0.86002076
2167,1.0,0.43706065
2168,1.0,0.91640395
2169,0.0,9.2516006e-05
2170,1.0,0.96230114
2171,1.0,0.9395308
2172,0.0,3.7674758e-10
2173,1.0,0.12028204
2174,1.0,0.08441743
2175,1.0,0.8615267
2176,1.0,0.99387026
2177,1.0,0.95789135
2178,1.0,0.3207682
2179,0.0,4.4987116e-09
2180,0.0,0.04413186
2181,0.0,1.063082e-06
2182,0.0,0.0002456888
2183,0.0,0.0011476917
2184,1.0,0.9719349
2185,1.0,0.12038039
2186,0.0,6.919773e-06
2187,1.0,0.97726005
2188,1.0,0.37898955
2189,1.0,0.99671423
2190,1.0,0.96960425
2191,0.0,0.00014066791
2192,0.0,8.148677e-05
2193,1.0,0.9909677
2194,1.0,0.9806081
2195,0.0,6.0858043e-09
2196,1.0,0.99520844
2197,0.0,1.0104195e-09
2198,0.0,0.00035819615
2199,0.0,3.1893302e-07
2200,1.0,0.028654136
2201,1.0,0.9657309
2202,1.0,0.8229835
2203,1.0,0.07164269
2204,0.0,1.9841485e-12
2205,1.0,0.0023493115
2206,1.0,0.99803966
2207,0.0,4.3627506e-06
2208,0.0,2.1479642e-05
2209,0.0,1.3420783e-06
2210,1.0,0.9365068
2211,1.0,0.10079453
2212,0.0,0.0027178985
2213,0.0,4.0668893e-10
2214,1.0,0.6519096
2215,0.0,6.2315e-07
2216,1.0,0.53062874
2217,1.0,0.00013920057
2218,1.0,0.9369016
2219,1.0,0.055842105
2220,1.0,0.99872005
2221,0.0,0.7052193
2222,0.0,4.6867837e-05
2223,1.0,0.0014591585
2224,0.0,6.41873e-08
2225,1.0,1.2071505e-05
2226,1.0,0.010366142
2227,1.0,1.29938135e-05
2228,0.0,0.91461426
2229,1.0,0.9106916
2230,0.0,0.2170367
2231,0.0,8.949327e-06
2232,1.0,0.9971411
2233,1.0,0.9641676
2234,0.0,0.00020353757
2235,1.0,0.9320749
2236,0.0,1.2130409e-08
2237,1.0,0.9955728
2238,0.0,0.6823702
2239,0.0,6.48335e-05
2240,1.0,0.9876337
2241,1.0,0.9970234
2242,1.0,1.7339455e-12
2243,1.0,0.0037898945
2244,1.0,0.96348953
2245,1.0,0.9995049
2246,1.0,0.99762964
2247,0.0,4.231495e-05
2248,0.0,0.005040426
2249,1.0,0.010012039
2250,0.0,0.9914517
2251,1.0,0.9794915
2252,1.0,0.9899305
2253,1.0,0.6498467
2254,1.0,0.9936342
2255,0.0,2.36218e-11
2256,1.0,0.9836811
2257,1.0,0.9992914
2258,0.0,1.8470592e-10
2259,1.0,0.0066477405
2260,0.0,2.2064194e-10
2261,0.0,4.3590428e-10
2262,1.0,0.9178606
2263,0.0,3.5252314e-09
2264,1.0,1.3352531e-09
2265,1.0,0.9965622
2266,0.0,3.8889243e-09
2267,1.0,0.8509452
2268,0.0,2.1269485e-05
2269,1.0,0.85124063
2270,1.0,0.99975187
2271,0.0,8.191915e-06
2272,0.0,9.87547e-12
2273,0.0,1.4396204e-12
2274,0.0,0.25802705
2275,1.0,1.3848479e-11
2276,0.0,1.3301187e-06
2277,0.0,2.1878277e-08
2278,1.0,0.91125685
2279,1.0,0.7791054
2280,0.0,0.91654927
2281,0.0,0.80676425
2282,1.0,0.99703276
2283,0.0,0.000100543584
2284,0.0,5.236227e-08
2285,1.0,0.9284576
2286,1.0,0.75982434
2287,1.0,0.9349784
2288,0.0,0.67392254
2289,0.0,9.872909e-08
2290,0.0,0.061526082
2291,0.0,0.0903608
2292,0.0,0.026014734
2293,1.0,0.066661306
2294,1.0,7.7229655e-05
2295,1.0,0.8090832
2296,1.0,0.61883515
2297,1.0,0.015816573
2298,1.0,0.36577567
2299,1.0,0.9764963
2300,1.0,0.6576844
2301,1.0,0.12826948
2302,1.0,0.98380995
2303,1.0,8.276758e-07
2304,0.0,7.4546094e-08
2305,0.0,0.050852254
2306,1.0,0.98696405
2307,0.0,0.025887404
2308,0.0,9.2192226e-11
2309,1.0,0.83447033
2310,0.0,3.8550705e-09
2311,1.0,0.9585311
2312,0.0,0.006175249
2313,1.0,0.6659611
2314,1.0,2.2608754e-07
2315,1.0,0.8429215
2316,1.0,0.9849412
2317,1.0,0.99719137
2318,1.0,0.00063293753
2319,0.0,0.6046444
2320,0.0,0.00015239486
2321,1.0,4.5758698e-06
2322,1.0,0.029787892
2323,0.0,1.2124834e-08
2324,1.0,8.034288e-05
2325,1.0,0.9864694
2326,0.0,0.9355242
2327,1.0,0.9960717
2328,1.0,0.54162544
2329,1.0,0.5552074
2330,1.0,0.8990016
2331,1.0,0.8502814
2332,1.0,0.85665876
2333,0.0,1.463369e-06
2334,0.0,0.017552905
2335,1.0,0.5296452
2336,1.0,0.99774665
2337,1.0,0.8014074
2338,1.0,0.724395
2339,0.0,8.25378e-09
2340,1.0,0.98019344
2341,0.0,3.4003196e-11
2342,0.0,2.1066562e-07
2343,0.0,0.12832879
2344,0.0,4.8409824e-08
2345,1.0,0.743046
2346,1.0,0.99078393
2347,1.0,0.37871477
2348,0.0,0.00015691486
2349,1.0,7.5741085e-09
2350,1.0,0.9911107
2351,1.0,0.19226447
2352,0.0,0.00036216274
2353,0.0,0.054307144
2354,0.0,5.7962737e-08
2355,1.0,1.9238538e-05
2356,0.0,0.050475374
2357,1.0,0.37548405
2358,1.0,0.9963405
2359,1.0,0.998686
2360,0.0,0.59221625
2361,1.0,3.7748202e-06
2362,1.0,3.7057166e-09
2363,1.0,0.9828036
2364,0.0,4.7146565e-07
2365,0.0,9.572726e-09
2366,0.0,0.0038035926
2367,0.0,0.0002420733
2368,1.0,0.28893152
2369,1.0,0.021864863
2370,0.0,0.24370968
2371,0.0,3.6165897e-05
2372,1.0,0.097390026
2373,0.0,0.0017696846
2374,0.0,0.0005095315
2375,1.0,0.32428417
2376,1.0,0.985938
2377,1.0,0.97671664
2378,0.0,3.7608096e-08
2379,1.0,0.99833006
2380,1.0,0.9865565
2381,1.0,0.9754376
2382,1.0,0.15357359
2383,0.0,0.10739514
2384,1.0,0.80606276
2385,0.0,0.03708679
2386,1.0,0.9357946
2387,0.0,0.074664816
2388,0.0,0.9920204
2389,0.0,1.440069e-05
2390,0.0,0.03973694
2391,1.0,3.3899803e-07
2392,1.0,0.08857062
2393,1.0,0.99825126
2394,0.0,0.00074462587
2395,1.0,0.9786659
2396,1.0,0.22403759
2397,0.0,2.5866884e-06
2398,1.0,0.74967027
2399,1.0,0.79680866
2400,1.0,0.9845828
2401,0.0,0.00011058144
2402,1.0,0.9996395
2403,0.0,3.098357e-09
2404,0.0,0.00042237237
2405,0.0,1.6658884e-08
2406,1.0,0.99734783
2407,0.0,2.5547894e-10
2408,1.0,0.9989612
2409,0.0,1.2230665e-05
2410,0.0,3.9645656e-06
2411,0.0,2.5945889e-08
2412,0.0,0.26189193
2413,0.0,0.7355613
2414,0.0,8.310846e-06
2415,1.0,0.2438533
2416,0.0,0.0015155828
2417,0.0,4.659016e-09
2418,1.0,0.99871635
2419,1.0,0.30590415
2420,0.0,0.0146560995
2421,1.0,0.98198074
2422,1.0,0.7646749
2423,0.0,0.00049142994
2424,0.0,2.2658862e-06
2425,1.0,0.78436214
2426,0.0,5.131189e-05
2427,0.0,0.00020560257
2428,0.0,0.046499185
2429,1.0,0.09167422
2430,0.0,0.038090505
2431,1.0,0.995615
2432,1.0,0.30910352
2433,1.0,0.9944429
2434,0.0,3.4932993e-05
2435,0.0,0.2988242
2436,1.0,0.993652
2437,0.0,2.5656315e-09
2438,1.0,0.98033327
2439,0.0,0.0012548179
2440,1.0,0.992432
2441,1.0,0.80841017
2442,1.0,0.813945
2443,1.0,0.97245556
2444,1.0,0.95922154
2445,0.0,3.4847993e-09
2446,1.0,0.91034174
2447,1.0,0.76506686
2448,0.0,3.2795075e-10
2449,0.0,1.8706595e-08
2450,0.0,0.06423995
2451,1.0,0.9440404
2452,0.0,1.7888655e-05
2453,1.0,0.99575233
2454,1.0,0.61499435
2455,0.0,0.03039907
2456,0.0,0.688759
2457,1.0,0.99769837
2458,0.0,2.730587e-06
2459,0.0,1.096205e-07
2460,0.0,2.2209589e-08
2461,1.0,0.98869425
2462,0.0,0.107949786
2463,0.0,0.28864267
2464,0.0,0.97566503
2465,1.0,0.9907747
2466,0.0,6.6006686e-11
2467,1.0,0.5786121
2468,0.0,0.727991
2469,0.0,3.308069e-09
2470,0.0,0.28138065
2471,0.0,8.5172025e-05
2472,1.0,0.99746275
2473,1.0,0.8518933
2474,1.0,0.0319179
2475,0.0,5.0707924e-05
2476,0.0,5.616951e-06
2477,1.0,0.96945524
2478,1.0,0.94942814
2479,1.0,0.9917048
2480,0.0,9.9567224e-08
2481,0.0,0.059748545
2482,0.0,0.0034889604
2483,1.0,0.9989429
2484,1.0,0.986541
2485,0.0,0.013152873
2486,1.0,0.9729119
2487,1.0,0.9914649
2488,1.0,0.9879701
2489,0.0,7.076285e-05
2490,1.0,0.5666976
2491,1.0,0.800664
2492,1.0,0.98899543
2493,1.0,0.10141484
2494,0.0,7.966883e-05
2495,0.0,3.6096438e-08
2496,1.0,0.9921129
2497,1.0,0.9473942
2498,1.0,0.0003090933
2499,1.0,0.7996638
2500,0.0,4.7360147e-09
2501,0.0,2.281813e-07
2502,0.0,0.09970564
2503,0.0,1.7754059e-09
2504,1.0,0.9986411
2505,0.0,0.9965753
2506,0.0,1.5538177e-06
2507,0.0,0.38309136
2508,0.0,0.60687983
2509,1.0,0.98539793
2510,0.0,0.00043224724
2511,1.0,0.23587677
2512,0.0,9.0715045e-17
2513,0.0,0.9918411
2514,0.0,0.116915934
2515,1.0,7.7893003e-07
2516,0.0,1.8485345e-05
2517,1.0,0.9980263
2518,0.0,6.0731104e-08
2519,1.0,0.98096704
2520,1.0,0.11224211
2521,1.0,0.42875147
2522,1.0,0.99980813
2523,0.0,0.0010972751
2524,0.0,4.1833715e-05
2525,0.0,6.069057e-07
2526,1.0,0.8881866
2527,1.0,0.98892736
2528,1.0,0.9297273
2529,1.0,0.9986883
2530,0.0,0.55508006
2531,1.0,0.372193
2532,1.0,0.047436666
2533,1.0,0.9843166
2534,1.0,0.9963223
2535,1.0,0.9492509
2536,1.0,0.98147446
2537,0.0,1.8770034e-08
2538,0.0,0.0034021742
2539,0.0,0.017104683
2540,0.0,8.330017e-11
2541,1.0,0.9964445
2542,0.0,5.420552e-10
2543,0.0,0.7568457
2544,1.0,0.99969566
2545,0.0,0.0035456389
2546,1.0,0.9812432
2547,1.0,0.63784194
2548,1.0,0.97925663
2549,0.0,7.705369e-08
2550,1.0,0.0014648283
2551,1.0,0.9995339
2552,0.0,0.9941146
2553,1.0,0.024147922
2554,1.0,0.9998229
2555,1.0,0.27014065
2556,1.0,0.9991295
2557,0.0,4.2344834e-09
2558,0.0,0.023397673
2559,0.0,9.574309e-10
2560,1.0,0.98442197
2561,0.0,0.13449875
2562,0.0,4.4048856e-10
2563,1.0,0.018480316
2564,1.0,0.08472206
2565,0.0,1.8674136e-10
2566,0.0,1.6319762e-08
2567,0.0,9.7867076e-11
2568,1.0,0.9959383
2569,1.0,0.9507592
2570,0.0,0.06529516
2571,0.0,0.025147483
2572,1.0,0.53105366
2573,0.0,3.0274518e-07
2574,1.0,0.15453118
2575,1.0,0.0010481686
2576,1.0,0.9997055
2577,1.0,0.0009669602
2578,1.0,0.99584913
2579,0.0,0.0027367298
2580,0.0,1.479797e-07
2581,1.0,0.8984498
2582,0.0,0.01591087
2583,1.0,0.99620444
2584,1.0,0.20437823
2585,1.0,0.746778
2586,0.0,1.342497e-06
2587,0.0,0.22744839
2588,1.0,0.9807591
2589,1.0,0.82599574
2590,1.0,0.9998574
2591,1.0,0.99245036
2592,0.0,0.12649874
2593,0.0,1.16627895e-07
2594,0.0,4.3745258e-05
2595,1.0,0.061767075
2596,0.0,3.0930114e-06
2597,0.0,1.8270613e-07
2598,1.0,0.9851623
2599,0.0,0.0036350712
2600,0.0,0.13160016
2601,1.0,0.9874807
2602,0.0,2.8785179e-08
2603,0.0,0.013548326
2604,1.0,0.25053078
2605,0.0,0.90337634
2606,1.0,0.1680587
2607,1.0,0.045024615
2608,0.0,0.0021220462
2609,1.0,0.9895141
2610,1.0,0.84767014
2611,1.0,0.0002202896
2612,1.0,0.9837421
2613,1.0,0.9969944
2614,1.0,0.41868734
2615,1.0,0.6122766
2616,0.0,3.6061614e-08
2617,0.0,0.006319426
2618,0.0,0.4607246
2619,1.0,0.99308056
2620,0.0,7.959727e-06
2621,1.0,0.37821004
2622,0.0,0.012695133
2623,1.0,0.9991334
2624,0.0,0.004651901
2625,1.0,0.80466294
2626,0.0,0.79409814
2627,1.0,0.9984378
2628,1.0,0.99723166
2629,0.0,0.052180316
2630,1.0,0.00018965502
2631,0.0,0.45209298
2632,0.0,7.2693093e-12
2633,1.0,0.09441577
2634,1.0,0.9692254
2635,0.0,0.0077149193
2636,1.0,0.19708432
2637,0.0,6.968079e-11
2638,0.0,0.0001062349
2639,1.0,0.6391715
2640,0.0,0.00012883452
2641,0.0,0.9960448
2642,0.0,1.0668667e-05
2643,1.0,0.9404193
2644,1.0,2.4241726e-05
2645,0.0,3.0454635e-07
2646,1.0,0.98459804
2647,1.0,0.9910705
2648,0.0,0.00062322407
2649,0.0,0.005061905
2650,0.0,9.6041595e-06
2651,0.0,0.8675996
2652,0.0,0.002937023
2653,1.0,0.9446106
2654,0.0,0.8716797
2655,1.0,0.20470524
2656,0.0,4.7675095e-09
2657,0.0,5.6640783e-05
2658,0.0,3.4641362e-06
2659,0.0,1.4315955e-07
2660,0.0,1.9043995e-08
2661,0.0,0.003364776
2662,0.0,0.0045305626
2663,0.0,5.6219484e-05
2664,0.0,1.2132096e-08
2665,1.0,0.96720403
2666,1.0,5.483532e-07
2667,1.0,0.0042386157
2668,0.0,0.073728465
2669,0.0,0.047395553
2670,0.0,7.599455e-07
2671,1.0,0.78166044
2672,1.0,0.99648535
2673,0.0,0.0013703195
2674,0.0,5.7231833e-09
2675,0.0,0.36435342
2676,1.0,0.18859129
2677,1.0,0.9866371
2678,1.0,0.9989366
2679,1.0,0.99909246
2680,0.0,5.2432325e-12
2681,0.0,0.9275909
2682,1.0,0.99707115
2683,1.0,0.98384076
2684,1.0,0.98700875
2685,0.0,0.0003068033
2686,0.0,0.0002764664
2687,1.0,0.97328997
2688,1.0,0.9996375
2689,0.0,2.1835272e-06
2690,1.0,0.99805933
2691,1.0,0.76356936
2692,1.0,0.41143483
2693,1.0,0.9929912
2694,1.0,0.071577735
2695,1.0,0.5147476
2696,1.0,0.99534285
2697,0.0,1.3864815e-06
2698,0.0,1.6122302e-09
2699,0.0,5.1171695e-10
2700,0.0,5.9571793e-08
2701,0.0,4.368059e-09
2702,1.0,1.7305845e-05
2703,0.0,0.59864104
2704,0.0,9.945984e-11
2705,1.0,0.4154437
2706,1.0,0.00038425054
2707,0.0,0.44385132
2708,1.0,0.1675174
2709,1.0,0.89027524
2710,0.0,0.0013683138
2711,1.0,0.99360836
2712,0.0,0.00082724035
2713,0.0,0.017776135
2714,0.0,1.2895499e-05
2715,0.0,0.37054795
2716,1.0,0.9084759
2717,0.0,2.0196782e-11
2718,1.0,0.9996691
2719,1.0,0.9979272
2720,0.0,8.592807e-06
2721,0.0,1.18215185e-05
2722,1.0,0.9819002
2723,1.0,0.999548
2724,1.0,0.99886453
2725,1.0,0.92897224
2726,0.0,1.1665092e-05
2727,0.0,0.9835353
2728,0.0,0.0011496991
2729,1.0,0.43969405
2730,1.0,0.8897059
2731,0.0,5.0933454e-06
2732,1.0,0.124243364
2733,0.0,0.0009829908
2734,1.0,0.99582916
2735,1.0,0.014730642
2736,0.0,4.944929e-10
2737,0.0,1.513213e-07
2738,0.0,0.0722663
2739,0.0,0.013131444
2740,0.0,3.5983152e-08
2741,1.0,0.51699865
2742,1.0,0.6129433
2743,0.0,0.002241219
2744,1.0,0.6355587
2745,1.0,0.8909903
2746,1.0,0.01985853
2747,0.0,2.057132e-09
2748,0.0,5.4032747e-09
2749,1.0,2.5182426e-06
2750,0.0,3.857033e-05
2751,1.0,6.9913594e-06
2752,0.0,0.49429673
2753,1.0,0.997139
2754,0.0,2.1570912e-07
2755,1.0,4.514742e-05
2756,1.0,0.6566943
2757,1.0,0.017847503
2758,1.0,0.99475986
2759,0.0,2.8109986e-07
2760,0.0,0.0002176992
2761,1.0,0.9981949
2762,0.0,7.849762e-09
2763,1.0,0.9970841
2764,1.0,0.95676374
2765,1.0,0.52765745
2766,0.0,8.482926e-08
2767,1.0,0.9877622
2768,0.0,0.0019164162
2769,1.0,0.00820599
2770,1.0,0.9921268
2771,1.0,0.3515773
2772,0.0,2.8492067e-08
2773,0.0,0.0012777915
2774,0.0,3.1902793e-05
2775,1.0,0.3967738
2776,1.0,0.99899954
2777,1.0,0.9342434
2778,1.0,0.9726159
2779,0.0,0.7435267
2780,0.0,4.4108656e-06
2781,1.0,0.8761688
2782,0.0,0.002946699
2783,0.0,0.026309507
2784,0.0,0.00010525016
2785,1.0,0.11355011
2786,0.0,0.0008510075
2787,0.0,5.153164e-10
2788,1.0,0.28088334
2789,0.0,0.29893506
2790,1.0,0.98485166
2791,1.0,0.6666657
2792,1.0,0.99508446
2793,1.0,0.9954745
2794,1.0,0.22359931
2795,1.0,0.63978994
2796,0.0,0.011205123
2797,0.0,1.1593606e-06
2798,0.0,7.563907e-05
2799,0.0,0.00016003838
2800,0.0,0.16422229
2801,0.0,0.0005505809
2802,0.0,1.9990468e-12
2803,1.0,2.1940932e-05
2804,1.0,0.8692534
2805,1.0,0.21087347
2806,1.0,0.9981604
2807,1.0,0.9926756
2808,0.0,0.14286213
2809,1.0,0.9886459
2810,0.0,2.4557587e-06
2811,0.0,2.4306773e-08
2812,1.0,0.998137
2813,0.0,1.4111464e-07
2814,1.0,0.00400146
2815,1.0,0.99027914
2816,1.0,8.734734e-06
2817,1.0,0.99309844
2818,1.0,0.9988403
2819,1.0,0.682767
2820,1.0,0.9987205
2821,0.0,1.9318753e-05
2822,0.0,0.31201333
2823,0.0,4.18356e-10
2824,1.0,0.63690054
2825,0.0,0.0026508006
2826,1.0,0.9994967
2827,1.0,0.92678213
2828,1.0,0.9957408
2829,0.0,2.6452333e-15
2830,0.0,1.7909217e-07
2831,1.0,0.3778772
2832,0.0,0.0013217285
2833,0.0,1.1988329e-08
2834,0.0,2.2845247e-06
2835,0.0,5.3566778e-09
2836,0.0,0.7837279
2837,0.0,3.447893e-07
2838,0.0,3.7364443e-05
2839,1.0,0.14615484
2840,0.0,0.00015990004
2841,0.0,6.7717616e-07
2842,1.0,0.15330938
2843,0.0,7.326778e-10
2844,1.0,0.9944583
2845,0.0,0.052794743
2846,0.0,0.01789276
2847,0.0,3.6752156e-06
2848,0.0,0.9866288
2849,1.0,0.0021763605
2850,0.0,5.883364e-05
2851,0.0,3.9881496e-07
2852,0.0,5.1836337e-06
2853,0.0,0.08946769
2854,0.0,2.4739517e-08
2855,1.0,0.9941901
2856,1.0,0.98814327
2857,0.0,6.1554845e-10
2858,0.0,9.108023e-08
2859,1.0,0.95849407
2860,0.0,1.2490938e-06
2861,0.0,5.3660806e-06
2862,0.0,0.005464079
2863,1.0,0.0008599263
2864,1.0,0.0012750147
2865,1.0,0.9976665
2866,1.0,0.99637246
2867,1.0,0.9217565
2868,0.0,3.294809e-08
2869,1.0,0.9810511
2870,1.0,0.035855863
2871,1.0,0.3032233
2872,1.0,0.482027
2873,0.0,0.9995658
2874,1.0,0.9997062
2875,0.0,4.1972613e-05
2876,1.0,0.12366902
2877,0.0,1.398084e-10
2878,0.0,1.0348812e-07
2879,0.0,4.1570325e-10
2880,1.0,3.924886e-09
2881,1.0,0.65379703
2882,0.0,6.029971e-10
2883,1.0,0.99921536
2884,0.0,0.0054981452
2885,1.0,0.0012459797
2886,0.0,0.06521232
2887,0.0,4.149353e-08
2888,1.0,0.61933696
2889,0.0,0.00024800393
2890,0.0,0.0001847074
2891,1.0,0.549121
2892,1.0,0.9909734
2893,1.0,8.044996e-08
2894,1.0,0.8867098
2895,1.0,0.9665927
2896,1.0,0.015545444
2897,1.0,0.90814817
2898,1.0,0.6634941
2899,0.0,0.26977292
2900,0.0,0.015574689
2901,1.0,0.4260604
2902,1.0,0.8661919
2903,1.0,0.0003496097
2904,1.0,0.0043553235
2905,1.0,0.98873913
2906,1.0,0.9906171
2907,0.0,0.0032855086
2908,0.0,0.9953178
2909,1.0,7.111244e-08
2910,1.0,0.99165064
2911,0.0,2.3141793e-05
2912,1.0,0.09904805
2913,0.0,1.1168353e-06
2914,1.0,0.42571706
2915,1.0,0.3316161
2916,0.0,4.682214e-05
2917,1.0,0.14926928
2918,1.0,0.9900141
2919,1.0,2.1607532e-06
2920,1.0,0.7743347
2921,1.0,0.07978412
2922,1.0,0.032254275
2923,0.0,0.79522455
2924,1.0,2.9351733e-05
2925,0.0,6.8842616e-07
2926,1.0,0.99223316
2927,0.0,0.0025480676
2928,1.0,0.9999989
2929,1.0,0.99714524
2930,0.0,5.99025e-07
2931,0.0,5.1853e-06
2932,0.0,5.876988e-10
2933,0.0,0.0006437408
2934,0.0,0.030176982
2935,1.0,0.99831617
2936,0.0,8.440573e-09
2937,1.0,0.9987231
2938,0.0,0.20433299
2939,0.0,0.98422897
2940,1.0,0.99950755
2941,1.0,0.97492325
2942,1.0,0.5689283
2943,1.0,0.8289616
2944,0.0,0.78177845
2945,1.0,0.5087738
2946,1.0,2.492752e-07
2947,0.0,4.8292977e-06
2948,1.0,0.86099166
2949,0.0,4.510121e-09
2950,0.0,8.439383e-07
2951,1.0,0.6556442
2952,1.0,0.9873431
2953,0.0,0.33160642
2954,1.0,0.38839126
2955,0.0,0.32816273
2956,1.0,0.52593654
2957,0.0,0.0006787112
2958,0.0,1.0457031e-05
2959,1.0,0.92364496
2960,0.0,0.36879855
2961,0.0,6.126923e-05
2962,0.0,2.52478e-05
2963,1.0,0.71905667
2964,0.0,0.0065927505
2965,1.0,0.950151
2966,0.0,0.95028806
2967,1.0,0.7060396
2968,1.0,0.9990006
2969,0.0,1.7433127e-05
2970,0.0,3.4481076e-05
2971,0.0,0.00094170973
2972,1.0,0.04172145
2973,1.0,0.0003568917
2974,0.0,0.0009166586
2975,0.0,1.8835266e-05
2976,0.0,0.31128395
2977,1.0,0.96266985
2978,0.0,5.8545353e-05
2979,1.0,7.723674e-08
2980,0.0,1.6098312e-08
2981,0.0,1.20849875e-11
2982,1.0,8.60333e-05
2983,0.0,5.2450564e-06
2984,0.0,0.67187506
2985,0.0,0.00012671626
2986,1.0,0.9884653
2987,0.0,7.433724e-08
2988,1.0,0.9416527
2989,1.0,0.9975795
2990,0.0,0.00079594116
2991,1.0,0.11402946
2992,1.0,0.06201072
2993,1.0,0.42726114
2994,0.0,5.4493857e-08
2995,0.0,1.5548272e-07
2996,1.0,0.22719361
2997,1.0,0.95780265
2998,0.0,0.0045250733
2999,0.0,0.28986275
3000,0.0,0.0030765864
3001,1.0,0.9997831
3002,0.0,0.06417538
3003,0.0,3.279578e-09
3004,0.0,4.704677e-06
3005,0.0,5.1003935e-06
3006,1.0,0.9970831
3007,1.0,0.7980556
3008,1.0,0.00057137397
3009,1.0,0.0057732435
3010,0.0,0.009994931
3011,1.0,0.6082523
3012,1.0,0.468608
3013,0.0,7.446396e-08
3014,1.0,0.99406755
3015,0.0,0.00023041641
3016,1.0,0.9994318
3017,0.0,1.0897837e-08
3018,1.0,0.5187249
3019,0.0,3.078131e-08
3020,1.0,0.999305
3021,0.0,6.7706356e-09
3022,0.0,0.00065588474
3023,1.0,0.9984555
3024,0.0,1.0680817e-08
3025,1.0,0.6993788
3026,0.0,0.000117737975
3027,1.0,0.8809567
3028,1.0,0.9320429
3029,0.0,0.005263398
3030,1.0,0.7517483
3031,1.0,0.9166537
3032,0.0,2.3037673e-10
3033,0.0,2.0165662e-05
3034,0.0,5.4873386e-09
3035,1.0,0.88315916
3036,1.0,0.0038291807
3037,0.0,6.01957e-06
3038,1.0,0.8957837
3039,1.0,0.99721754
3040,1.0,0.99940825
3041,1.0,0.99515176
3042,1.0,0.999775
3043,0.0,0.86245185
3044,1.0,0.9771493
3045,0.0,1.628418e-06
3046,0.0,3.699263e-05
3047,1.0,0.9995078
3048,0.0,1.6315813e-07
3049,1.0,0.029294599
3050,1.0,0.43155533
3051,1.0,0.98174864
3052,1.0,0.9956547
3053,0.0,0.00036759043
3054,0.0,0.0013686487
3055,1.0,0.49800065
3056,1.0,0.99664503
3057,1.0,0.069314666
3058,0.0,6.5457956e-10
3059,0.0,0.046554785
3060,1.0,0.98078555
3061,1.0,0.9942093
3062,1.0,0.92621726
3063,0.0,9.64827e-06
3064,1.0,0.56229657
3065,0.0,2.1378253e-06
3066,1.0,0.9700484
3067,0.0,6.218064e-09
3068,0.0,0.0002795023
3069,0.0,9.458696e-08
3070,0.0,3.7545753e-05
3071,0.0,8.6953855e-07
3072,1.0,0.9981699
3073,0.0,0.04651884
3074,0.0,0.00044620244
3075,1.0,0.9994167
3076,1.0,0.12022496
3077,0.0,3.4481715e-08
3078,0.0,0.06328442
3079,0.0,0.00033633594
3080,1.0,0.9841097
3081,1.0,0.9990694
3082,1.0,0.43769497
3083,0.0,3.7148552e-06
3084,1.0,0.9952878
3085,1.0,0.5238895
3086,0.0,0.004239922
3087,0.0,4.9295133e-05
3088,0.0,0.8090727
3089,0.0,0.00012192646
3090,0.0,0.003993636
3091,0.0,0.00017134233
3092,0.0,6.8122367e-22
3093,0.0,2.8608173e-07
3094,0.0,0.88003474
3095,1.0,0.9916128
3096,0.0,1.1826584e-07
3097,1.0,0.9953341
3098,0.0,0.2082256
3099,1.0,0.98400474
3100,0.0,0.30577216
3101,0.0,0.01324555
3102,1.0,0.99341875
3103,0.0,1.5118217e-05
3104,0.0,0.0069511873
3105,0.0,0.00017005893
3106,0.0,0.80744225
3107,1.0,0.99975425
3108,1.0,0.9910678
3109,1.0,0.0007717266
3110,1.0,0.08231597
3111,1.0,5.3842974e-05
3112,1.0,0.9944317
3113,0.0,0.50075245
3114,0.0,0.06175181
3115,0.0,0.004205236
3116,1.0,0.59792054
3117,1.0,0.99779356
3118,1.0,0.77576405
3119,0.0,4.443369e-05
3120,0.0,0.0007631581
3121,1.0,0.28649062
3122,0.0,0.111847654
3123,1.0,0.99157614
3124,0.0,0.00030064187
3125,1.0,0.5897642
3126,0.0,0.5452827
3127,1.0,0.99640995
3128,0.0,4.6882886e-07
3129,0.0,2.9750183e-05
3130,1.0,0.9874871
3131,1.0,0.48621842
3132,0.0,0.014704815
3133,1.0,0.043490574
3134,0.0,0.0023471005
3135,1.0,0.9859633
3136,1.0,0.9551632
3137,1.0,0.9997305
3138,0.0,4.429635e-08
3139,1.0,0.9974571
3140,1.0,0.9797023
3141,0.0,1.0247265e-07
3142,0.0,0.47513226
3143,1.0,0.99622834
3144,0.0,0.0007585088
3145,1.0,0.9963716
3146,1.0,0.93059844
3147,0.0,0.00022521526
3148,1.0,0.9396721
3149,1.0,0.93634313
3150,0.0,0.90665925
3151,0.0,0.0020606176
3152,0.0,3.2334353e-09
3153,0.0,6.269074e-11
3154,0.0,1.0566571e-05
3155,1.0,0.9980996
3156,1.0,0.9913584
3157,1.0,0.97042793
3158,0.0,2.1604917e-08
3159,0.0,1.9789933e-08
3160,0.0,4.611032e-08
3161,1.0,0.96804583
3162,1.0,0.62224305
3163,0.0,0.0010928051
3164,1.0,1.3509143e-06
3165,0.0,0.26755148
3166,1.0,0.76809204
3167,1.0,0.61758024
3168,1.0,7.730226e-10
3169,1.0,1.8674943e-07
3170,1.0,7.3914913e-07
3171,1.0,4.1052576e-07
3172,0.0,0.10361471
3173,1.0,0.7272022
3174,0.0,0.8545738
3175,0.0,0.07476383
3176,1.0,0.14455551
3177,1.0,0.9733015
3178,0.0,1.1711483e-05
3179,1.0,0.66459453
3180,0.0,8.03717e-09
3181,1.0,0.7094777
3182,0.0,2.0932876e-10
3183,1.0,0.9931055
3184,0.0,5.660929e-06
3185,1.0,0.9576731
3186,1.0,0.9846853
3187,0.0,6.443645e-06
3188,0.0,0.0022434017
3189,1.0,0.95356286
3190,1.0,0.058734387
3191,0.0,0.33464023
3192,0.0,0.007533328
3193,0.0,1.8927469e-11
3194,1.0,0.9957665
3195,1.0,0.18747023
3196,0.0,0.0003179289
3197,0.0,7.36037e-09
3198,1.0,0.033542465
3199,1.0,0.9908697
3200,1.0,0.9955395
3201,0.0,2.6414787e-10
3202,1.0,0.9802514
3203,1.0,0.9856952
3204,0.0,0.9541501
3205,0.0,2.5674353e-06
3206,1.0,0.9512087
3207,0.0,0.00032999727
3208,0.0,2.6308371e-05
3209,0.0,7.031398e-07
3210,0.0,0.32986215
3211,0.0,0.02925645
3212,0.0,0.12000477
3213,1.0,0.38305315
3214,1.0,0.9732125
3215,1.0,3.0581978e-05
3216,0.0,3.6056642e-13
3217,0.0,5.0372193e-05
3218,1.0,0.99083495
3219,1.0,0.995644
3220,0.0,0.0019221735
3221,0.0,0.00013447707
3222,1.0,0.9904951
3223,0.0,9.153667e-07
3224,0.0,6.538415e-08
3225,0.0,0.00743132
3226,1.0,0.23178582
3227,0.0,0.010268637
3228,0.0,9.836271e-09
3229,0.0,7.3304946e-05
3230,0.0,4.8652623e-06
3231,1.0,3.5068892e-06
3232,0.0,6.405408e-09
3233,0.0,2.644627e-05
3234,0.0,3.277639e-05
3235,1.0,0.4401307
3236,0.0,0.0010491782
3237,1.0,0.9168054
3238,1.0,0.16864134
3239,1.0,0.059775665
3240,0.0,0.0016980069
3241,1.0,3.5197386e-06
3242,0.0,5.776248e-10
3243,0.0,2.3371158e-10
3244,0.0,0.9063065
3245,1.0,0.16656654
3246,0.0,2.4093515e-06
3247,0.0,9.39946e-11
3248,1.0,0.9874938
3249,0.0,0.0015263256
3250,0.0,4.0486893e-06
3251,0.0,1.1600858e-05
3252,1.0,0.9962392
3253,1.0,0.97809106
3254,0.0,2.630637e-07
3255,0.0,0.0054145544
3256,0.0,4.365223e-06
3257,0.0,4.1395234e-07
3258,1.0,0.9982784
3259,0.0,0.016155358
3260,1.0,0.98840696
3261,1.0,0.99299616
3262,1.0,0.78789747
3263,1.0,0.9933804
3264,0.0,4.1509997e-05
3265,1.0,0.6307634
3266,1.0,0.74479127
3267,0.0,1.98098e-06
3268,1.0,0.9559676
3269,0.0,3.539768e-05
3270,0.0,4.4537668e-05
3271,1.0,0.9898795
3272,0.0,0.008484369
3273,1.0,0.982771
3274,1.0,0.22405627
3275,0.0,1.1523418e-07
3276,0.0,0.014917221
3277,1.0,0.95159155
3278,1.0,0.982872
3279,0.0,3.555814e-10
3280,1.0,0.9916917
3281,1.0,0.9947955
3282,0.0,5.798225e-10
3283,0.0,0.064863645
3284,0.0,8.350029e-11
3285,1.0,0.99992883
3286,1.0,0.9972367
3287,1.0,0.9990362
3288,1.0,0.5978925
3289,0.0,6.336983e-08
3290,0.0,9.987392e-10
3291,1.0,0.99496776
3292,0.0,7.501021e-05
3293,0.0,0.04432222
3294,1.0,0.7156919
3295,0.0,5.663728e-09
3296,0.0,5.707695e-07
3297,0.0,2.2784754e-09
3298,0.0,8.1983705e-11
3299,1.0,0.6740261
3300,0.0,0.87630844
3301,1.0,0.9654174
3302,1.0,0.710448
3303,1.0,0.9611823
3304,0.0,3.2748273e-09
3305,0.0,1.0
3306,0.0,0.032270323
3307,0.0,8.736401e-06
3308,1.0,0.99668497
3309,0.0,4.255028e-06
3310,1.0,0.9864086
3311,0.0,0.40378338
3312,0.0,0.137806
3313,1.0,0.012769499
3314,1.0,2.3025823e-05
3315,0.0,8.7071056e-10
3316,0.0,1.5709462e-05
3317,1.0,0.19055091
3318,0.0,9.585156e-05
3319,0.0,0.0003766887
3320,0.0,2.8998703e-09
3321,0.0,5.8016907e-09
3322,1.0,0.0034421922
3323,0.0,1.1167351e-05
3324,1.0,0.9950277
3325,1.0,0.8246632
3326,0.0,0.012673306
3327,1.0,0.9873187
3328,0.0,0.0056633954
3329,1.0,0.80349964
3330,0.0,0.002380563
3331,1.0,0.2842507
3332,1.0,0.89365023
3333,0.0,0.031367034
3334,1.0,4.2064457e-05
3335,0.0,4.838958e-09
3336,0.0,7.131551e-08
3337,1.0,0.9910981
3338,1.0,0.89185745
3339,0.0,8.950548e-05
3340,0.0,0.00041035653
3341,0.0,0.049333442
3342,1.0,0.6233392
3343,0.0,3.1024185e-05
3344,0.0,0.00017349534
3345,1.0,7.4575924e-05
3346,1.0,0.9678445
3347,0.0,0.010160944
